:020000041000EA
:10100000480500201910001000000000A310001077
:1010100000040100000100001249134A134B00F0C4
:101020001AF8134880471349134A144B00F013F879
:101030001349144A144B00F00EF81449144A0020C6
:10104000521A02DD043A8850FCDC124880471248EC
:101050008047124880479B1A03DD043BC858D05094
:10106000FBDC704780A800100C0000204401002029
:10107000D9740010B8A900104805002048070020C6
:10108000B8AB0010480700203813002038130020A8
:10109000E8180020A11000101DA000109D6600108F
:1010A0007047FEE710B582B06B46354ADA80354BA3
:1010B000354A1A60354B0121C022520099508020D8
:1010C0001A58334C22401A508022120231480260D2
:1010D00031480260812292009950304A8423802155
:1010E000C904D1501DE029498122920088588023EB
:1010F0009B0003438B50294AFC235B00D358002BF1
:10110000F9D0C0239B00D358009380231B02214AAF
:101110001360214A13606B469A1DDB88013B9BB22A
:1011200013806B4606331B889BB2002BDBD1009BE0
:101130000023009305E080231B02164A1360164A21
:101140001360174B1B6C1B0FF5D1104B80215858A7
:10115000C022920202435A5000228531FF315A5078
:1011600084395A500D4B9532FF328039FF399950EE
:1011700083315A580B4802405A5002B010BDC04645
:1011800050460000BC4003480004103F00000348E4
:10119000FFFFFC7FE0400348E440034800040348AD
:1011A00000400348FFFFFFFB00B583B00023124A55
:1011B0001360124A13600321114806F0BFFE114963
:1011C00080228858104B03438B501423019308E06E
:1011D000019B013B019380231B02074A1360074ACE
:1011E0001360019B002BF3D1FFF75CFF0021044843
:1011F00006F0A4FE03B000BDE0400348E44003480D
:1012000000040348000003480000018070B584B06A
:101210005249534806F00AFE5249534D280006F041
:101220004DFE5249524C200006F048FE0321280092
:1012300006F084FE0321200006F080FEFFF7B4FFD5
:101240004C49200006F0B0FE82225200A1588023B3
:10125000DB000B43A350464A84235B00D3589B0614
:10126000F9D5140082256D0053590326B343535119
:1012700053590122134363513F4B1A6888235B0083
:10128000E2503E4A1268E2503D4A1268E2503D4A3E
:101290001268E2503C4A0021200006F0BDFE3B4AA5
:1012A0000121200006F0B8FE394A0721200006F08F
:1012B000B3FE384A0621200006F0AEFE01AC0C2237
:1012C0000021200008F0A2FE2378B343012213433B
:1012D0002370DBB20C2213432370234E2100300015
:1012E00006F062FE72598023DB00134373511E4ADD
:1012F00084235B00D3589B06F9D5140088235B0038
:101300002022E2500132E2500632E250224A00210D
:10131000200006F081FE214A0121200006F07CFE1B
:101320001F4A0721200006F077FE0022012120003D
:1013300006F00CFE0021200006F01AFE0C4D2800DD
:1013400006F00FFE8423E158802252041143E1503D
:10135000E9580A43EA5004B070BDC0464805002071
:10136000000003489005002000040348E405002025
:101370000008034808060020F8050020FC050020AE
:101380000006002004060020A4050020B40500206B
:10139000C4050020D4050020600500207005002051
:1013A0008005002010B500F007F800F029FA10BD04
:1013B00010B5FFF7F7FF10BDF0B5DE4657464E46B5
:1013C0004546E0B585B0DB4D0021280006F0F2F976
:1013D00080235B009A46EB60D749D84E300006F078
:1013E00003FA0523F363053373638021C9042800DE
:1013F00006F0F2F9072399462B61D14A012130000A
:1014000006F033FACF4A0221300006F02EFACE4A17
:101410000321300006F029FA01220121300006F0F4
:1014200009FA01220221300006F052FAA427F359EA
:1014300004221343F35101239B46EB6000243467DD
:10144000F360C249C24E300006F0E5F9C14B736348
:1014500080210905280006F0BFF970232B61BE4AE0
:101460000121300006F001FABC4A0221300006F0EA
:10147000FCF9BB4A0321300006F0F7F901213000E6
:1014800006F0ECF902218846E96034675946F160BC
:10149000B449B54E300006F0A7F9A023F363B34B6F
:1014A000736380218905280006F096F9E021C901BF
:1014B0002961AF4A0121300006F0D7F9AD4A022177
:1014C000300006F0D2F9AC4A0321300006F0CDF925
:1014D0000823EB6034675846F060A025ED05002135
:1014E000280006F021FA5046E860A449A44E3000D6
:1014F00006F02CFAD22080008346F0637464D22078
:10150000C00082460100300006F08BFA8021C90439
:10151000280006F036FA484628619A4A0121300030
:1015200006F04CFA984A0221300006F047FA974A32
:101530000321300006F042FA01220121300006F0BA
:1015400029FA9349300006F093FA34679149924E94
:10155000300006F0FBF95846F063746451463000E1
:1015600006F05FFA80210905280006F00AFA7023C8
:101570002B618A4A0121300006F020FA884A0221B4
:10158000300006F01BFA874A0321300006F016FAF5
:1015900001220121300006F0FDF98349300006F0F8
:1015A00067FA34678149824E300006F0CFF95B4616
:1015B000F36374645146300006F033FA8021490524
:1015C000280006F0DEF9E023DB002B61794A0121D7
:1015D000300006F0F3F9784A0221300006F0EEF907
:1015E000764A0321300006F0E9F90122012130009A
:1015F00006F0D0F97249300006F03AFA34677149C2
:10160000714E300006F0A2F9704BF363704B7364B7
:101610005146300006F005FA80218905280006F0C1
:10162000B0F9E021C90129616A4A0121300006F0C0
:10163000C5F9694A0221300006F0C0F9674A032162
:10164000300006F0BBF901220121300006F0A2F9BA
:1016500000220121300006F0E7F9032202213000C8
:1016600006F0E2F901220521300006F0DDF9F35918
:1016700041460B43F351F35904221343F351F359F9
:101680001C321343F3513467554D280006F024FAF9
:101690002B680326B3432B605249280006F028FA32
:1016A0005149280006F02EFA00220221280006F0F7
:1016B00034FA6B6F042213436B674C494C4D002284
:1016C000280006F035FAEB6950229343EB61EB6991
:1016D0004A4693433343EB61EA6B464B1A408023FF
:1016E0001B011343EB63444B2B610C3602960194B0
:1016F00000943A2300220021280006F019FB1F2342
:1017000005220021280006F043FB1F23052220218B
:10171000280006F027FB2B6CB343424613432B648F
:10172000364806F0B9FC05B0F0BCBB46B246A94647
:10173000A046F0BD0000044870A00010000104485D
:1017400078A000107CA0001080A000108CA00010D9
:1017500000020448FFFF000094A0001098A00010B1
:101760009CA0001034A1001000040448FF040000F5
:101770003CA1001040A1001044A10010A0A0001046
:1017800000010050BCA00010C0A00010C4A00010B8
:10179000B0A00010C8A0001000020050E4A000108B
:1017A000E8A00010ECA00010D8A00010F0A00010DD
:1017B000000300500CA1001010A1001014A1001093
:1017C00000A1001018A10010000400508F060000B6
:1017D0001405000028A100102CA1001030A1001059
:1017E0000000015088A0001084A0001064A0001028
:1017F00000020048FFE0FFFF2181000048A1001027
:1018000010B57F4A7F4C0021200005F0B5FE002274
:101810000021200006F033F97B4A0A21200005F060
:10182000ABFE00220A21200006F029F9774A0D219B
:10183000200005F0A1FE00220D21200006F01FF976
:10184000734A0121200005F097FE002201212000AB
:1018500006F015F96F4A0221200005F08DFE0022E6
:101860000221200006F00BF96B4A0321200005F04D
:1018700083FE00220321200006F001F9674A0421BB
:10188000200005F079FE00220421200006F0F7F880
:10189000634A0521200005F06FFE0022052120008B
:1018A00006F0EDF85F4A0621200005F065FE0022F3
:1018B0000621200006F0E3F85B4A0721200005F02E
:1018C0005BFE00220721200006F0D9F8574A0821C4
:1018D000200005F051FE00220821200006F0CFF87C
:1018E000534A0921200005F047FE0022092120006B
:1018F00006F0C5F84F4A504C0021200005F03CFE90
:1019000000220021200006F0BAF84C4A01212000F4
:1019100005F032FE00220121200006F0B0F8484A0E
:101920000221200005F028FE00220221200006F0FE
:10193000A6F8444A0321200005F01EFE00220321E0
:10194000200006F09CF8404A0521200005F014FE16
:1019500000220521200006F092F83C4A3C4C0A2166
:10196000200005F009FE00220A21200006F087F879
:10197000384A0B21200005F0FFFD00220B2120003A
:1019800006F07DF8344A0221200005F0F5FD002222
:101990000221200006F073F8304A0421200005F0EF
:1019A000EBFD00220421200006F069F82C4A0521F5
:1019B000200005F0E1FD00220521200006F05FF87F
:1019C000284A0621200005F0D7FD0022062120002C
:1019D00006F055F8244A0821200005F0CDFD00222C
:1019E0000821200006F04BF8204A0921200005F0CC
:1019F000C3FD00220921200006F041F810BDC046B9
:101A0000CCA10010000004408CA10010B4A1001073
:101A1000D4A10010DCA10010E4A10010BCA10010B2
:101A2000ACA1001084A100107CA10010ECA100105A
:101A3000F4A10010A4A10010000104409CA100101A
:101A400094A10010FCA10010C4A100106CA1001012
:101A50000002044074A100100CA2001054A1001058
:101A600004A2001014A200105CA1001064A10010D8
:101A700030B585B001A8044B020032CB32C205F06C
:101A80006FFE05B030BDC0461CA2001010B5FFF7B8
:101A90008FFC002010BD70B505000E001C0004ABCB
:101AA00018888D421FD395421ED2521A91B2A0427D
:101AB0000CD2AE1BB6B2201A80B270434B08C018CD
:101AC00005F0EAFF80B2201A80B20DE0AD1BADB286
:101AD000001B80B268434B08C01805F0DDFF80B2E0
:101AE000001980B200E0200070BD70B51D0004AB8D
:101AF0001B7888421DD990421DD2AB420CD2441AA9
:101B0000E4B2E81AC0B26043511AC9B205F0D4FF7A
:101B1000C0B2281AC0B20DE0441AE4B2581BC0B2D9
:101B20006043511AC9B205F0C7FFC0B24019C0B234
:101B300000E0280070BD1800FCE7030008008B429D
:101B400000D21800704710B504000F2A13D81023D4
:101B50009B1A43434A439B1808331B0998B281429E
:101B60000AD1844202D9013080B205E0844203D216
:101B7000013880B200E0002010BD0000002803D032
:101B8000044B20225A607047024B802292035A6015
:101B9000F9E7C04600010440F0B5DE4657464E4620
:101BA0004546E0B587B0F84CE28C01922C23E05C0E
:101BB0005043642105F070FFF44B1880227EF44BF3
:101BC0001A70638BB722A65C9B1BF24A1380C0235A
:101BD000E25CF14B1A708423E75CF04B1F707A08CB
:101BE000EF4B1A707E23E35C002B04D18022A35CB0
:101BF000002B00D16DE2E44C236B9B46E949181C95
:101C000006F032FE06F090FAE74B1880636B9A46B6
:101C1000E449181C06F028FE06F086FAE34B18800B
:101C2000A36B9946DF49181C06F01EFE06F07CFAED
:101C3000DF4B1880E36B9846DA49181C06F014FE57
:101C400006F072FADB4B1880236CD6490293181CFD
:101C500006F00AFE06F068FAD74B1880626CD1498C
:101C60000392101C06F000FE06F05EFAD34B1880BB
:101C7000E56DCC49281C06F0F7FD06F055FAD04B6F
:101C800018802823E05C07F0FDF8041CCD49584675
:101C900006F0EAFD011C201C06F0E6FD06F044FA01
:101CA000C94B1880C749504606F0DEFD011C201CB8
:101CB00006F0DAFD06F038FAC44B1880C1494846F0
:101CC00006F0D2FD011C201C06F0CEFD06F02CFA19
:101CD000BF4B1880BB49404606F0C6FD011C201CC6
:101CE00006F0C2FD06F020FABA4B1880B5490298FA
:101CF00006F0BAFD011C201C06F0B6FD06F014FA31
:101D0000B54B1880AF49039806F0AEFD011C201CAE
:101D100006F0AAFD06F008FAB04B1880A949281C65
:101D200006F0A2FD011C201C06F09EFD06F0FCF949
:101D3000AB4B1880944C2823E35C9800C0184000FB
:101D400007F0A0F8A74906F08FFD06F0EDF9A64BC5
:101D50001880B623E55CAB00ED186D00A34B1D8029
:101D6000A34B1D804F2D00D987E2A24B50221A8031
:101D7000854BD5229B5C002B00D181E29E4BD43A4F
:101D80001A709E4B01321A709D4B0B321A709D4B8C
:101D9000093A1A709C4B06321A709C4B043A1A701E
:101DA0009B4B01321A709B4B043A1A709A4B0632C5
:101DB0001A709A4B1A70744CB823E25C984B1A70E4
:101DC000984B1F70BD23E25C974B1A706923E25C4D
:101DD000964B1A708723E25C954B1A706823E25C7D
:101DE000944B1A706C23E25C934B1A70A27D934B58
:101DF0001A706423E25C924B1A70BC22A25C5A7087
:101E00007023E25C8F4B1A707123E25C8E4B1A7068
:101E10006D23E25C8D4B1A70E27D8D4B1A702B2383
:101E2000E05C019B5843642105F036FE574B188057
:101E30002923E25C874B1A70874B1E80874B1E80DC
:101E4000237D002B00D139E231003C39844A1180D6
:101E5000844A1680844A13704B4B6222995C834AF1
:101E600011707621595C5170C922995C804A1170B9
:101E7000CE22995C7F4A1170CF21595C51707E4A05
:101E800015705C4909885170C522995C7B4A1170B4
:101E90006B22995C7A4A11708F22995C794A117091
:101EA0009021595C51709121595C91709221595C3B
:101EB000D1709321595C11719421595C517189221F
:101EC000995C714A11708A21595C51708B21595C5F
:101ED00091708C21595CD1708D21595C11718E21CA
:101EE000595C5171694A0021117096201E5A76087A
:101EF000F6B2567002301D5A6D08EDB29570023080
:101F00001C5A6408E4B2D4700230185A4008C0B2B7
:101F1000107151719E27DF5D97719F27DF5DD7712B
:101F2000A027DF5D1772A127DF5D57729172A2278C
:101F3000DF5DD772A327DF5D1773A427DF5D5773BB
:101F4000A527DF5D9773D173A627DF5D1774A727D9
:101F5000DF5D5774A827DF5D9774A927DF5DD7740D
:101F6000117556759575D47510765176B120185C3B
:101F70009076B220185CD076B320185C1077B4202D
:101F8000185C507784E0C04614060020C41300207B
:101F900090150020EE06002032150020531300207B
:101FA000521300200000C8426A130020681300206A
:101FB00066130020641300206213002060130020C9
:101FC0005E13002000002041441300204213002033
:101FD000401300203E1300203C1300203A13002041
:101FE00038130020333383404A130020501300205D
:101FF0004C1300204E130020591300205C130020C6
:1020000055130020561300205B13002058130020A6
:10201000541300205A1300205D1300205713002092
:10202000371500205A1500205D150020D01500201E
:1020300038150020DC150020E6150020351500209D
:10204000041600207D1500207E1500207F1500203D
:10205000361500208A150020D6130020D813002042
:10206000DC130020DA130020E71500200C160020F6
:1020700079150020E415002048150020D515002012
:10208000D61500204C150020541500209C1500206A
:102090009177AA20185CD077AB201C5C8B38145445
:1020A0008C301C5C8B3814548C30185C2223D05438
:1020B0000133D1540133D1540133D1540133D154BC
:1020C0000133D15407B0F0BCBB46B246A946A04686
:1020D000F0BD7E4C236B9846181C07F0E7FD0022EC
:1020E0007B4B06F069FF06F037F87A4B1880636B7C
:1020F0000293181C07F0DAFD0022754B06F05CFF16
:1021000006F02AF8744B1880A26B91467349101C94
:1021100006F0AAFB06F008F8714B1880A26C9246F4
:102120006E49101C06F0A0FB05F0FEFF6D4B1880F9
:10213000E26C93466949101C06F096FB05F0F4FF2B
:10214000694B1880226D65490392101C06F08CFBC8
:1021500005F0EAFF654B1880616D0D1C5F49049521
:10216000281C06F081FB05F0DFFF614B1880A16D94
:102170000D1C5A490595281C06F076FB05F0D4FF86
:102180005C4B1880E56D5549281C06F06DFB05F089
:10219000CBFF594B18802823E05C06F073FE041C2B
:1021A0005649404606F060FB011C201C06F05CFB13
:1021B00005F0BAFF524B18805049029806F054FBC4
:1021C000011C201C06F050FB05F0AEFF4D4B1880A3
:1021D0004A49484606F048FB011C201C06F044FB17
:1021E00005F0A2FF484B18804449504606F03CFBDE
:1021F000011C201C06F038FB05F096FF434B1880AD
:102200003E49584606F030FB011C201C06F02CFB12
:1022100005F08AFF3E4B18803849039806F024FBEE
:10222000011C201C06F020FB05F07EFF394B1880B6
:102230003249049806F018FB011C201C06F014FB20
:1022400005F072FF344B18802C49059806F00CFB02
:10225000011C201C06F008FB05F066FF2F4B1880C0
:102260002649281C06F000FB011C201C06F0FCFA85
:1022700005F05AFF2A4B18805CE52A4B1D8077E554
:10228000294B01221A70294B01321A70284B013256
:102290001A70284B01321A70274B01321A70274BE3
:1022A00001321A70264B01321A70264B01321A7015
:1022B000254B01321A70254B1A707CE5244A8C217B
:1022C0001180244A82311180C4E5C04614060020E2
:1022D000000059406E1300206C1300200000C8421B
:1022E0006A13002068130020661300206413002086
:1022F00062130020601300205E13002000002041C4
:1023000048130020461300204413002042130020ED
:10231000401300203E1300203C1300203A130020FD
:10232000381300204E130020591300205C130020A6
:1023300055130020561300205B1300205813002073
:10234000541300205A1300205D130020571300205F
:10235000DC130020DA13002070B5CF4B1B88CF4A66
:102360001288934200D046E3CC4C2380CC4B1B8890
:102370006380CC4B1B78643B2371CB4B1B88637110
:10238000CA4B1B88E380CA4B1B882381C94B1B881F
:102390006381C94B1B88A381C84B1B88E381C84B51
:1023A0001B882382C74B1B886382C74B1D7825750A
:1023B000C64B1B886375C64B1B88A375C54B1B8812
:1023C000E375C54B1B882376C44B1B886383C44BC2
:1023D0001B88A383C34B1B88A377C34B1B88E3775E
:1023E000C24B1A882023E254C14B1A882123E2549D
:1023F000C04B1A882223E254BF4B1B88A384BF4BD7
:102400001B88E384BE4B1A882823E254BD4B1A88EC
:102410002923E254BC4B1A882A23E254BB4B1A8866
:102420002B23E254BA4B1A882C23E254B94B188858
:1024300006F07AFDB84906F04DF82063B74B1888CE
:1024400006F072FDB44906F045F86063B44B188895
:1024500006F06AFDB04906F03DF8A063B14B18885C
:1024600006F062FDAC4906F035F8E063AE4B188823
:1024700006F05AFDA84906F02DF82064AB4B1888E9
:1024800006F052FDA44906F025F86064A84B1888B0
:1024900006F04AFDA04906F01DF8A064A54B188877
:1024A00006F042FD9C4906F015F8E064A24B18883E
:1024B00006F03AFD984906F00DF820659F4B188804
:1024C00006F032FD944906F005F860659C4B1888CB
:1024D00006F02AFD904905F0FDFFA065994B18888C
:1024E00006F022FD8C4905F0F5FFE065964B1A8851
:1024F0006023E252954B1A886223E254944B1A8867
:102500006323E254934B1A886423E254924B1A8853
:102510006523E254914B1A886623E254904B1A8843
:102520006723E2548F4B1A886823E2548E4B1A8833
:102530006923E2548D4B1A886A23E2548C4B1A8823
:102540006B23E2548B4B1A886C23E2548A4B1A8813
:102550006D23E254894B1A886E23E254884B1A8803
:102560006F23E254874B1A887023E254864B1A88F3
:102570007123E254854B1A887223E254844B1A88E3
:102580007423E252834B1A887623E254824B1A88D2
:102590007723E254814B1A887823E254804B1A88BF
:1025A0007923E2547F4B1A887A23E2547E4B1A88AF
:1025B0007B23E2547D4B1A887C23E2547C4B1A889F
:1025C0007D23E2547B4B1A887E23E2547A4B1A888F
:1025D0007F23E254794B1A888023E254784B1A887F
:1025E0008123E254774B1A888223E254764B1A886F
:1025F0008323E254754B1A888423E254744B1A885F
:102600008523E254734B1A888623E254724B1A884E
:102610008723E254714B1A888823E254704B1A883E
:102620008923E2546F4B1A888A23E2546E4B1A882E
:102630008B23E2546D4B1A888C23E2546C4B1A881E
:102640008D23E2546B4B1A888E23E2546A4B1A880E
:102650008F23E254694B1A889023E254684B1A88FE
:102660009123E254674B1A889223E254664B1A88EE
:102670009323E254654B1A889423E254644B1A88DE
:102680009623E252634B1A889823E252624B1A88CF
:102690009A23E252C2E0C04600F000101406002067
:1026A00002F0001004F0001006F0001008F0001016
:1026B0000AF000100CF000100EF0001010F00010E6
:1026C00012F0001014F0001016F0001018F00010B6
:1026D0001AF000101CF000101EF0001020F0001086
:1026E00022F0001024F0001026F0001028F0001056
:1026F0002AF000102CF000102EF0001030F0001026
:1027000032F0001034F0001036F0001038F00010F5
:102710003AF000103CF000100000C8423EF00010FB
:1027200040F0001042F0001044F0001046F000109D
:1027300048F000104AF000104CF000104EF000106D
:1027400050F0001052F0001054F0001056F000103D
:1027500058F000105AF000105CF000105EF000100D
:1027600060F0001062F0001064F0001066F00010DD
:1027700068F000106AF000106CF000106EF00010AD
:1027800070F0001072F0001074F0001076F000107D
:1027900078F000107AF000107CF000107EF000104D
:1027A00080F0001082F0001084F0001086F000101D
:1027B00088F000108AF000108CF000108EF00010ED
:1027C00090F0001092F0001094F0001096F00010BD
:1027D00098F000109AF000109CF000109EF000108D
:1027E000A0F00010A2F00010A4F00010A6F000105D
:1027F000A8F00010AAF00010ACF00010AEF000102D
:10280000B0F00010B2F00010B4F00010B6F00010FC
:10281000B8F00010BAF00010BCF00010764B1A8827
:102820009C23E252754B1A889E23E254744B1A88FB
:102830009F23E254734B1A88A023E254724B1A88E8
:10284000A123E254714B1A88A223E254704B1A88D8
:10285000A323E2546F4B1A88A423E2546E4B1A88C8
:10286000A523E2546D4B1A88A623E2546C4B1A88B8
:10287000A723E2546B4B1A88A823E2546A4B1A88A8
:10288000A923E254694B1A88AA23E254684B1A8898
:10289000AB23E254674B1A88AC23E254664B1A8888
:1028A000AD23E254654B1A88AE23E254644B1A8878
:1028B000AF23E254634B1A88B023E254624B1A8868
:1028C000B123E254614B1A88B223E254604B1A8858
:1028D000B323E2545F4B1A88B423E2545E4B1A8848
:1028E000B523E2545D4B1A88B623E2545C4B1A8838
:1028F000B723E2545B4B1A88B823E2545A4B1A8828
:10290000B923E254594B1A88BA23E254584B1A8817
:10291000BB23E254574B1A88BC23E254564B1A8807
:10292000BD23E254554B1A88BE23E254544B1A88F7
:10293000BF23E254534B1A88C023E254524B1A88E7
:10294000C123E254514B1A88C223E254504B1A88D7
:10295000C323E2544F4B1A88C423E2544E4B1A88C7
:10296000C523E2544D4B1A88C623E2544C4B1A88B7
:10297000C723E2544B4B1A88C823E2544A4B1A88A7
:10298000C923E254494B1A88CA23E254484B1A8897
:10299000CB23E254474B1A88CC23E254464B1A8887
:1029A000CD23E254454B1A88CE23E254444B1A8877
:1029B000CF23E254434B1A88D023E254424B1A8867
:1029C000D123E254414B1A88D223E254404B1A8857
:1029D000D323E2543F4B1A88D423E2543E4B1A8847
:1029E000D523E2543D4B1A88D623E254002D02D160
:1029F000E1225200628370BDBEF00010C0F00010F2
:102A0000C2F00010C4F00010C6F00010C8F00010B2
:102A1000CAF00010CCF00010CEF00010D0F0001082
:102A2000D2F00010D4F00010D6F00010D8F0001052
:102A3000DAF00010DCF00010DEF00010E0F0001022
:102A4000E2F00010E4F00010E6F00010E8F00010F2
:102A5000EAF00010ECF00010EEF00010F0F00010C2
:102A6000F2F00010F4F00010F6F00010F8F0001092
:102A7000FAF00010FCF00010FEF0001000F1001061
:102A800002F1001004F1001006F1001008F100102E
:102A90000AF100100CF100100EF1001010F10010FE
:102AA00012F1001014F1001016F1001018F10010CE
:102AB0001AF100101CF100101EF1001020F100109E
:102AC00022F1001024F1001026F1001028F100106E
:102AD0002AF100102CF100102EF1001030F100103E
:102AE00070B5164B1B78002B14D0012B16D0144B4D
:102AF0001B78002B0DD0134D2C88134B134A1278E2
:102B00005200D05A6043642104F0C6FF80B22418FA
:102B10002C8070BD0A4B01221A70E8E70C4B1B8811
:102B2000002B03D1064B01221A70E0E7074B1B78FC
:102B30002D2BDCD9024B00221A70D8E7D5150020C6
:102B4000D7150020CC130020081400208C1500207D
:102B50000415002010B5194B1B78002B0BD1184B16
:102B60001B88002B07D1174B01221A70164B174AEE
:102B700012781A701DE0134B1B78002B19D0124BE2
:102B80001B78002B16D0104A013B13700E4B1B789C
:102B9000642058430D4B197804F08EFF83B26420F3
:102BA000C01A80B20A4C23885843642104F084FF81
:102BB000208010BD034B00221A70E7E78C1500201F
:102BC00000140020D2150020D11500200907002094
:102BD000CC13002010B5164B1B78002B23D0154AC0
:102BE0001378591C1170DB0703D5134A138801337E
:102BF0001380114B1A88C8239B009A4202D90E4BAE
:102C0000A0221A800C4B1B88DB08DBB20B4A137026
:102C10000B4A1288534364205843A72104F03CFF19
:102C2000084B188010BD044BA0221A80FAE7C0465A
:102C3000EC150020DB150020041400208F15002067
:102C4000CC1300200614002010B50E4B198889B251
:102C5000002912D00C4B1889AB239B00584304F079
:102C60001BFF0A4B18800A4B1B78002B04D0074A25
:102C700099005B185B00138010BD044B00221A8082
:102C8000F1E7C046841800207C13002004150020C2
:102C90000E16002009490A889308D21A92B20A80B7
:102CA000074B1B889B189BB20B809B08054A13801F
:102CB000054A57214B4313807047C046C613002076
:102CC00070180020C8130020EE130020774B9B7C67
:102CD000012B5ED0754B9B7C022B5AD0734B9B7C97
:102CE000052B56D0714B9B7C042B52D0704B00228D
:102CF0001A70704B1A880A2A07D96D4B1B78002B63
:102D00004FD16A4B9B7C032B4BD06B4B002119702E
:102D1000694B1B783C2B03D9684B1978684B1970A9
:102D2000684B1988684B1B88994203D0634B19780C
:102D3000634B19705E4B1978002915D0634B1B88C3
:102D40000A3B9BB291204000834209D8604B18880F
:102D5000AF239B00984203D85E4B1B78002B03D017
:102D60005D4B1878564B18705C4B1B88642B25D92B
:102D70005B4B1B78002B21D100291FD0594B1B78AE
:102D8000013BDBB2812B19D957490B7801330B700A
:102D90001EE0564B1B78002BA8D1454B01221A7020
:102DA000A7E7534B1B78002B03D0524B1B78002B0B
:102DB000ABD141490B7801330B70A9E74A4B002195
:102DC00019703F4B1B78DBB24B4909788B421AD004
:102DD000454B1B78FA2B03D9474B1978384B1970A0
:102DE000464B1B78002B24D15A2A10D92F4B9B7CA1
:102DF000072B0CD02D4B9B7C062B08D040490B8811
:102E000001330B8006E02E4B00211970E0E73C4BAC
:102E1000002119803B4B1B88002B02D0384B00212E
:102E20001980374B1B887D2B03D9374B1978244BDE
:102E30001970364B1B781E2B10D9092A0ED8344A2C
:102E400013780133DBB213700A2B0AD9314B1A788D
:102E50001B4B1A702E4B00221A7002E02C4B0022E2
:102E60001A702D4AC5239B00D3589B109B059B0DC0
:102E70002A4A13800D4A527CD2B229498A5C002A20
:102E800012D0284A1278132A0ED8264901320A7025
:102E90009B080D4A7921525C0532D2B2934203D984
:102EA000214B1A78064B1A707047C0467C130020DD
:102EB000C51500200014002089150020571300209C
:102EC000DD15002000F0001014060020D6130020AD
:102ED000CA130020311500205C130020CE130020FF
:102EE000D41500208C15002041150020331500203A
:102EF000301500207815002055130020DF15002024
:102F0000F2130020041500205A1300203B15002066
:102F1000881500205613002000080348E013002005
:102F2000E4150020E11500205B13002010B52A4BAA
:102F30001B78002B11D0294B1A78C8239B005343D0
:102F40009BB2274A10885843264B19894B00C91851
:102F5000C90104F0A1FD244B1880244B6A229B5C1C
:102F6000002B22D0204B1C88002C07D0204B188827
:102F7000210004F091FD84B26400A4B21D4B1988B5
:102F8000002906D01A4B188804F086FD81B249004A
:102F900089B2194B1B78002B0FD08C4206D2091B2B
:102FA00089B2164A13685B18136010BD611A89B2A2
:102FB000124A13685B1A1360F7E7002CF5D00F4B29
:102FC0001B680F4A9342F0D90C4A1B1B1360064B37
:102FD00000221A80E9E7C046741500208B150020F6
:102FE000841800207C130020021400201406002006
:102FF000F8130020F61300205C150020F8060020CE
:1030000000E1F50510B50D4B18880D4B1B785843A2
:103010000A2104F041FD80B20A4B18800A4B1A685D
:1030200080181860094904F037FD094B1860094BF6
:103030001B68C018084B186010BDC046EC13002078
:103040003B150020E813002024150020907E00008E
:10305000201500201C1500202815002070B582B016
:10306000204B1888C72807D91F4B18221A701F4BEE
:103070000F3A1A7002B070BD1D4E33788008C0B28E
:103080001825009532220A21FEF72FFD164C2070DC
:103090003378184A1078009546221421FEF725FD52
:1030A0002378834201D9104B1870134E33780D4AA0
:1030B00010888008C0B20925009532220A21FEF747
:1030C00014FD0A4C207033780A4A10780095462285
:1030D0001421FEF70AFD23788342CBD9034B1870E5
:1030E000C8E7C046041500200307002001070020A0
:1030F000040700208C1500200207002010B5344B77
:103100001C78344B5B7B002B0ED0334B1B78002B91
:103110000AD1324B1A88324B197878235B1A9A42BB
:1031200002DD2D4B05221A702A4B1B7D002B40D14E
:10313000294B1A78002A03D12A4B1B78002B37D051
:10314000264B1988284B1B784B43544363431B0A77
:103150005801C01A8000C018C000244B198804F020
:103160009BFC84B22409FFF779FF214B1A78A24215
:1031700022D2204B1A70204B88229B5C002B0FD050
:103180001E4B1B78002B1AD01A4B1B78154A12784D
:10319000934201D9134A1370164B124A12781A70CF
:1031A000144B1B78002B0ED0154B164A12781A7050
:1031B00010BDFFF795FCBBE70E4B1C70DBE7094B1E
:1031C00000221A70ECE70E4B00221A70F0E7C0469E
:1031D000991500207C1300208C150020CC130020B2
:1031E00036150020D315002090150020EE13002086
:1031F000FC0600203015002014060020D415002005
:10320000781500200807002070B5334BCA229B5C5C
:10321000002B53D1314B5B7B002B0ED0304B1B78F6
:10322000002B0AD12F4B1A882F4B197878235B1A61
:103230009A4202DD2A4B01221A70284B9B7B002BFD
:1032400002D0274B01221A70264B1B88002B03D07B
:10325000234A1278002A03D1244A1278002A2CD05B
:10326000234A107858433C2104F026FC040085B220
:10327000FFF7F4FE1F4B1A78AA4222D21E4B1A7097
:10328000154B88229B5C002B0FD01C4B1B78002B0E
:103290001AD0194B1B78154A1278934201D9134A58
:1032A0001370154B114A12781A70134B1B78002BB0
:1032B0000ED0134B134A12781A7070BDFFF74AFCF8
:1032C000A8E70D4B1C70DBE7084B00221A70ECE7F7
:1032D0000B4B00221A70F0E7140600207C1300202C
:1032E0008C150020CC13002036150020D3150020AB
:1032F00099150020FC06002030150020D415002070
:10330000781500200807002010B5194B1A78002AFC
:1033100026D0184B1B789B189B10174A1380174B0D
:103320001B78A42B02D8154BA5221A70FFF712FCAC
:10333000124BA5221A70104B1C88114A12881A8051
:10334000FFF78CFE0F4B1A78A2420AD20E4B1A706E
:103350000D4B1B78002B07D00C4B0D4A12781A70BE
:1033600010BD094B1C70F3E7084B00221A70F7E7F9
:103370008C15002099150020CC130020090700208F
:10338000D0130020FC060020301500207815002006
:103390000807002070B5394B5B7B002B0ED0384BF3
:1033A0001B78002B0AD1374B1A88374B19787823B2
:1033B0005B1A9A4202DD324B01221A702F4B9B7B23
:1033C000002B02D02E4B01221A702E4B1888002899
:1033D00003D02B4B1B78002B03D12C4B1B78002BDD
:1033E0003DD02B4B1B785B00FE214900C91A89B2E6
:1033F000284B1B78002B05D0214B1B788B422FD8F4
:10340000C91A89B20A3189B24043081804F044FB52
:10341000040085B2FFF722FE1F4B1A78AA4221D280
:103420001E4B1A701E4B88229B5C002B0FD01D4B2D
:103430001B78002B19D0194B1B78144A1278934231
:1034400001D9124A1370154B104A12781A70134B97
:103450001B78002B0DD0144B144A12781A7070BDD3
:103460000021CFE70D4B1C70DCE7084B00221A70DF
:10347000EDE70D4B00221A70F1E7C0467C130020E7
:103480008C150020CC13002036150020D315002009
:103490009915002079150020FC0600203015002029
:1034A00014060020D41500207815002008070020FD
:1034B00070B5414BCA229B5C002B30D13F4B5B7BEC
:1034C000002B0ED03E4B1B78002B0AD13D4B1A88A7
:1034D0003D4B197878235B1A9A4202DD384B012262
:1034E0001A70364B9B7B002B02D0354B01221A7091
:1034F000334B1E78002E03D1344B1B78002B4ED05B
:10350000304B1D88002D0DD0314B1A78314B9B1854
:10351000587968433C2104F0CFFA84B203E0FFF706
:1035200019FBCBE72C002C4B1B782C4A12786A43F2
:1035300092B2734353431B0A5801C01A8000C0184B
:10354000C000274B198804F0A7FA80B20009844212
:1035500000D20400FFF782FD224B1A78A2421FD24C
:10356000214B1A70144B88229B5C002B0FD01F4BF1
:103570001B78002B17D01C4B1B78144A12789342EF
:1035800001D9124A1370184B104A12781A70164B50
:103590001B78002B0BD0164B164A12781A7070BD90
:1035A000114B1C70DEE7094B00221A70EFE7104B3D
:1035B00000221A70F3E7C046140600207C13002096
:1035C0008C150020CC13002036150020D3150020C8
:1035D000FE0600209C150020991500209015002063
:1035E000EE130020FC06002030150020D41500202A
:1035F000781500200807002030B583B0904BCD220D
:103600009B5C002B00D1C7E08E4B5B7CDBB28E4A0B
:10361000D35C8E4A13708E4A11788E4A127891428A
:1036200000D195E08A490A70854A7821525C002AC7
:1036300000D1B3E0824A1339525C002A00D18BE0FA
:103640009BB2854A1288934200D993E0834B1B7842
:10365000002B00D18EE0824B1B78002B04D1814BD4
:103660001B78002B00D185E07A4B06221A707E4B26
:103670001B78002B18D07C4A002313707B4A1380E0
:103680007B4A13807B4AFA21490011807A4A1380D1
:103690007A4A13807A4B7B4A12789B185B7E9A0099
:1036A0009B185B00784A1380774A6B4B12881B8803
:1036B000D21A93B210B26D4A10806E490A889A18D5
:1036C00012B20A80FA2189008A4200DCADE0694A20
:1036D0001180674C2188591A8AB2674D2980208051
:1036E0009B009BB251005218520092B261490020D7
:1036F000085E81000918C9109B185B181BB25F4A4D
:103700001380002B00DA97E05C4B00229A5EFA23CC
:103710009B009A4203DD594BFA2292001A805B4BC0
:10372000F4221A705A4BAB3A1A705A4B5A4A127812
:103730001A70524B0020185E8010C0B2FE23009316
:103740000023FA220021FEF7D0F9544B187023E031
:10375000424A0121117067E79BB23F4A12889342A7
:1037600008D83E4B1B78002B04D03D4B1B78002B18
:1037700000D079E7394B00221A703B4B01321A70A6
:10378000344B02321A703E4B3E4A12789B189A7A9A
:10379000434B1A70FFF7B8FD03B030BD284AB5217E
:1037A000525C002A2FD0264A5039525C002A17D08A
:1037B0009BB2294A12889342DCD8224B5B7C002BB7
:1037C000D8D1264B1B78002BD4D0254B1B78002B4F
:1037D00000D049E7234B1B78002B00D044E7C9E712
:1037E0009BB21D4A12889342C4D8164B5B7C002BB7
:1037F000C0D11A4B1B78002BBCD0194B1B78002B67
:1038000000D031E7B6E79BB2134A12889342B1D891
:103810000C4B5B7C002BADD1104B1B78002BA9D03F
:103820000F4B1B78002BA5D01EE7002A00DB50E7CA
:10383000104A002111804CE7130000221A8063E730
:10384000140600207C130020481500204615002097
:10385000981500209715002004150020441500201D
:103860008C150020451500204315002074130020FE
:1038700078130020761300207213002070130020AC
:103880009C150020FE0600200215002003070020E2
:103890000107002030150020FC06002078150020CC
:1038A0009915002030B583B03F4AC7239B00D058FC
:1038B00080108005800D3D4B18803D4C7923E15CE4
:1038C0000133E25C4033E35CBB25645D8008009417
:1038D000FEF70BF9374B1870002830D0364B1870B4
:1038E000364B5B7CDBB2364AD35C012B2BD0032BEF
:1038F00031D0314B1878334B1B7800930023FF22D3
:103900000021FEF7F2F8040005002F4B1B788342DC
:1039100013D22E4B1888FE282CD92D4B30221A702A
:103920002C4B273A1A70274B1B78AB4238D2264AC9
:103930001370294B294A12781A7003B030BD1E4B00
:1039400000221A70CCE7264B1B78002BD1D11A4BE2
:1039500000221A70CDE7164BAE229A5C1B4B1B88D7
:103960009A42C6D21E4B1B78002BC2D1124B0022AA
:103970001A70BEE7C0B230230093C433FF2228215F
:10398000FEF7B3F8124B1870104B18780923009308
:103990004033FF222821FEF7A8F80E4B1870C2E72B
:1039A000094B1C70C5E7C04600080348E01300201F
:1039B00014060020E0150020331500207C130020A1
:1039C000E4150020FC06002030150020041500201E
:1039D00003070020010700207815002008070020B9
:1039E0008C15002010B582B0124B1C88A4B2C822DE
:1039F000114B188811230093CF3352002821FEF772
:103A00004AF80E4B1880002C0BD021000C4804F013
:103A100043F8C0B20B4B1870782805D978221A7079
:103A200002E0084B00221A70074B064A12781A70FF
:103A300002B010BD7218002004150020F00600200E
:103A400035DF00008C1500208D15002030B583B0C7
:103A5000104B9B7A002B1AD00E4A937A023BDBB2B2
:103A6000990059184900927A0232D2B29300D218C2
:103A70005200094B1888904202D9084B00241C7050
:103A8000074C237800250095FEF705F8207003B059
:103A900030BDC0467C13002004150020781500209E
:103AA0003015002010B56E4A13780133DBB2137065
:103AB0006C490A780132D2B20A706B490978002940
:103AC0001BD0032B19D9664B00211970664B197056
:103AD000664B1B78002B1AD0012A18D9614B0022A3
:103AE0001A70624B1A70624BDB7CDBB2082B00D978
:103AF000B0E09B005F4AD3589F460029E8D1022BD3
:103B0000E6D9574B1970584B01311970E0E7002B7B
:103B1000E9D1012AE7D9534B00221A70534B0132E5
:103B20001A70E0E7544B1878FEF728F810BD524B96
:103B30001878002804D04C4B1878FEF71FF8F5E7EA
:103B4000FEF71CF8F2E74C4B1878002803D04B4BDB
:103B50001B78002B02D1FEF711F8E7E7434B1878EA
:103B6000FEF70CF8E2E7444B1878002803D0434BEB
:103B70001B78002B06D100280AD03B4B1878FDF7A4
:103B8000FDFFD3E73D4B1878C0B2FDF7F7FFCDE757
:103B9000FDF7F4FFCAE7384B1878002803D0374BFD
:103BA0001B78002B06D1002809D02F4B1878FDF781
:103BB000E5FFBBE72D4B1878FDF7E0FFB6E7FDF713
:103BC000DDFFB3E72D4B1B78002B05D02B4B18786E
:103BD000C0B2FDF7D3FFA9E7274B1878FDF7CEFF5A
:103BE000A4E7264B1B78002B04D0204B1878FDF758
:103BF000C5FF9BE7204B1878FDF7C0FF96E71F4BEA
:103C00001B78002B08D11C4B187800280AD0164BC3
:103C10001878FDF7B3FF89E7184B1878C0B2FDF7A5
:103C2000ADFF83E7FDF7AAFF80E7144B1B78002B5D
:103C300008D1114B1878002809D00B4B1878FDF7E4
:103C40009DFF73E7094B1878FDF798FF6EE7FDF7C6
:103C500095FF6BE7084B1878FDF790FF66E7C046C5
:103C60005315002040150020521500203F1500205C
:103C70007C13002028A2001083150020C618002005
:103C800010B5754B9B7B002B1DD0744B1B781433E8
:103C9000734A1370724B1B78822B02D9704B8222AD
:103CA0001A70704BF4221A706F4BAB3A1A706F4B4C
:103CB00019782820FDF741FF6D4B18706D4B684A4D
:103CC00012781A7010BD654B18786B4B18706B4BDF
:103CD0001B78002B0ED16A4A1288002A0AD1604B49
:103CE00032321A70674B1A70674B00221A80674B8A
:103CF0001A80CFE7002B6FD0614B1B88644A128873
:103D0000934219D2634B04221A70634A1378591CE8
:103D10001170042BBED9524B1A785A4B1B789A4219
:103D200006D24F4B01321A705B4B00221A70B1E77A
:103D3000544A01331370F7E7544909888B4217D26C
:103D40009B1A9B00DBB2534A137053490A78501CEC
:103D5000087093429ED2424B1B784A4A1278934293
:103D600002D23F4A013313704B4B00221A7091E785
:103D70004A4A1288934216D2D31A9B00DBB2454AB4
:103D8000137045490A78501C0870934200D381E7AC
:103D9000334B1B78282B02D9314A013B13703E4B21
:103DA00000221A7076E73B4B04221A703A4A1378C5
:103DB000591C1170042B00D86CE7294B1B78282B59
:103DC00006D9274A013B13702E4A1378013B137022
:103DD000314B00221A705DE72E4B0A221A702E4AD0
:103DE0001378591C11700A2B00D853E72C4B1988F3
:103DF000002925D02A2903D9194A1378013B1370C9
:103E0000214A13885C1C1480092B15D91D4A13788C
:103E10000A3313701A4B1B88584303F04DFE80B2CF
:103E20001A4B18800200143A194B1A8014301B4B9D
:103E30001880124B01221A70174B00221A7029E7C2
:103E4000104B1B78772BF7D805490A7801320A7096
:103E50000C4A01331370EFE77C1300209915002002
:103E60000B0700200307002001070020FC060020AC
:103E700030150020781500200916002008160020B3
:103E8000001400200A07002000150020FE14002066
:103E9000FC140020FD15002002160020FA1400205A
:103EA0000415002010B5A94BC2221A70A84B793A0C
:103EB0001A70A84B00221A70A74B1A70A74BBE327B
:103EC0009B5C002B24D0A64B1B88F52B1DD9A54A43
:103ED0001178C9B2A44A1278D2B2914215D2A34A3B
:103EE0001278002A11D10B33DBB2A14A13705B099F
:103EF000A04A13701378DBB2052B02D913000522F8
:103F00001A709D4B01221A7002E09B4B00221A701E
:103F10009A4B1B78002B20D1994B9B7CDBB2082B52
:103F20003CD89B00974AD3589F46FFF7E7F835E007
:103F3000FFF76AF932E0FFF7E7F92FE0FFF72AFA17
:103F40002CE0FFF7B5FA29E0FFF756FB26E0FFF774
:103F500097FE23E0FEF73EFE20E08B4B1A786423A9
:103F600053431B11DBB27B4A13708F2B02D9130012
:103F70008F221A70854B1B78002B02D0754B0022C4
:103F80001A70834B1B78744A1370824A12789342DA
:103F900001D3714B1A70804B32221A706F4BCE22B4
:103FA0009B5C002B07D0764B5B7CDBB27B4AD35CFF
:103FB000002B00D0C3E0FFF749FD684BD3229B5C88
:103FC000002B13D0674A1278D2B2754909788A4219
:103FD00000D8B7E073490A7801320A70714A127842
:103FE000934203D8704B1A78684B1A706F4B1B784A
:103FF000002B03D16E4B1B78002B03D06A4B1A7831
:10400000624B1A70574B1A789300D2185301694AC1
:104010001360694A11685B18136068490A68013ABD
:104020000A60002A07D19B09654A136040220A6092
:10403000614B00221A60634B1B78002B35D1624B19
:104040001B78002B31D0514B1B78DBB25F4A1278C2
:1040500093422AD04D4B1B78DBB25D4A12789342D3
:1040600023D04A4B1B78DBB24F4A127893421CD0C4
:10407000464B1B78DBB2574A1278934215D0564B09
:104080001B78002B11D0444B1B78002B0DD0534BC9
:104090001B78002B09D13D4B1B78002B00D1A7E0EA
:1040A000374B9B7B002B00D0A2E04D4BC2221A70F5
:1040B0004C4BB93A1A702C4B00221A704A4B1A70AA
:1040C000414B1B78002B00D1CCE03E4A1278002AED
:1040D0002FD12E4A1278D2B23C4909788A4228D090
:1040E0002A4A1278D2B23A4909788A4221D0274A1C
:1040F0001278D2B22C4909788A421AD0234A12780F
:10410000D2B2344909788A4213D0344A1278002A4C
:104110000FD1134A1288002A00D0A3E00D4A12786A
:10412000002A00D09EE0314A128892B2002A00D0C4
:1041300098E0254B00221A7002F0CCFC10BDFFF76E
:10414000B1FB38E7174A0021117047E70307002049
:1041500001070020301500207815002014060020EB
:104160000014002004180020C71800203315002078
:104170007B150020CD180020CB180020DF15002073
:104180007C1300204CA2001000070020DD15002049
:10419000050700200807002099150020E4150020DD
:1041A000FD0600207A150020541300206D17002012
:1041B0006C1700201815002010150020F4060020B0
:1041C00014150020C61800200607002056130020F2
:1041D000571300205B130020FE060020C5180020A6
:1041E0004507002044070020CA1800207818002046
:1041F000284B1B788F2B02D9264B8F221A70254B08
:104200001B7819003231244A1170244A12789342E3
:1042100001D2224A1370224B1A78224B1B789A4201
:1042200001D91F4A1370204B1B78172B02D81E4B45
:1042300018221A701D4B1B78082B02D81B4B092221
:104240001A70194B1A781A4B1A70184B1A78194BA6
:104250001A70124B1A78184B1A70114B1A78174BA8
:104260001A702DE7002B00D068E7154B1B78002B48
:1042700000D063E7134B1B889F2B00D95EE7074BE9
:104280001B78002B00D159E70F4B01221A7002F066
:10429000FDFB53E7FC060020FD0600203015002042
:1042A00078150020080700200307002001070020E0
:1042B0004507002044070020C7180020CA18002026
:1042C000C6180020001400200607002030B583B077
:1042D0006C4B7E229B5C002B09D16A4B48329B5C65
:1042E000002B04D1674B0F329B5C002B06D0664B32
:1042F0001B78452B02D8644B46221A70634BD88832
:1043000064235843572103F0C7FB80B2604B1880E9
:10431000604B1B78642B02D95E4B64221A70594C97
:10432000607D18230093AA3364220021FDF7DDFB92
:10433000594B18702923E05C203B009340336422E2
:104340000021FDF7D2FB554B1870CB23E05CAD3B51
:104350000093E13364220021FDF7C7FB504B187036
:10436000237E504A1370504A1278002A39D0454BA8
:10437000C2229A5C4B4B5A70424BC2229A5C4B4B06
:104380001A70424B197C4A4A1170597D5171597CFF
:104390005170197D9171997DD172597B5172997BC0
:1043A0009173997C434A1170D97C434A1170DB7B2D
:1043B0009B00424A138013889BB2002B0BD01388BA
:1043C000FA208000C01A3E4B1B885843642103F03A
:1043D00063FB3C4B18602B4B9A8B3B4B1A800123A1
:1043E00011E0304A5370C7E75A1E37495200545AF9
:1043F000220224482125405D6043121A120A580007
:1044000042520133DBB2772BEED91E4BBD229B5CAF
:10441000002B02D02D4BBC3A1A701C4B1879642328
:10442000584380B20009C0B2294B1870154CA28CB9
:10443000284B5A43120928490A607422A25A53434E
:104440001B094B60BB23584380B28F2103F024FB30
:1044500080B2224B18801B889BB2BB2B02D91F4B0A
:10446000BB221A80074BB7229A5C1D490A80C021E3
:10447000585C1C4908705B8B9B1A1B4A138003B065
:1044800030BDC046140600205A1500207C130020C1
:1044900042070020361500200407002002070020F4
:1044A0000907002094150020E71500208E15002034
:1044B000641500207515002073150020E2130020FC
:1044C000C41300201C150020081400205C150020D7
:1044D0002E150020A086010008150020EC06002003
:1044E000DE13002032150020EE06002003004343B7
:1044F0004B4343431B0C80225200521A5043C018B6
:104500008030000A704770B5040000290CD00028E4
:104510000BDB80235B00984200DD1800002906DBDE
:10452000FFF7E4FF002C0ADB70BD4042F1E749428F
:1045300080256D00281AFFF7D9FF281AF2E74042BC
:10454000F2E7000010B54C4B1B78772B1CD94B4B76
:104550001A884B4B1A804B4B1A884B4B1A804B4B8B
:1045600000211980454B1B889BB29A4233D29B1A7B
:104570009800C0184001464B198803F08DFA80B2AC
:10458000A0282CD9A0202AE03C4B188880B2414CAE
:1045900021880422FDF7D7FA2080374A13780133A7
:1045A000DBB21370782B02D0354B1880D3E73A4B2F
:1045B0001B78002BF8D0394B1B88984207D9384B11
:1045C0001B88984203D2374B00221A70ECE7354B18
:1045D00001221A70E8E7344B00221A800020334B86
:1045E000197814290AD0002922D0002820D0304B75
:1045F000188803F061FA2C4B18801FE02D4B1B88A4
:1046000083420BD2C31A9BB2632B0AD8264C284B89
:104610001888142103F040FA20800FE01B1A9BB287
:10462000F2E7214C21880522FDF78DFA208005E074
:104630001D4C21880522FDF786FA20801E4B1B7831
:10464000143B5900C9188900174B1888FFF75BFF06
:1046500083B20E4A1380194A1380194A1380194AEB
:104660001078584380B2184B1B785843602103F0F0
:1046700013FA164B188010BD951300206E180020F9
:10468000CA130020DE130020D6130020CC13002014
:10469000EE060020D8130020E7150020DC130020D0
:1046A000DA13002031150020D21300202C15002031
:1046B000C21300209613002032150020D0130020D2
:1046C000CE130020901500208C150020FE13002032
:1046D00070B5284B1B785BB2002B16DB254B0022F4
:1046E0001A70254B1B889BB2244A12889A4217D213
:1046F0009B1A9800C0184001214B198803F0CCF98F
:1047000080B2A0280DD9A0200BE01A4A0023137014
:104710001C4A13701C4A13801C4B00221A701DE0A7
:1047200000201A4B1B781A4A59008C5A194D2C80BC
:104730008852154A1188401880B21080114A1278A8
:10474000142A0CD00F4901320A700133DBB20F4A30
:104750001370132B02D9130000221A7070BD84420B
:1047600003D2094A001B1080EFE7074A002111809D
:10477000EBE7C046CF1800206E180020D6130020AB
:10478000EE0600202C150020C21300202D1500205D
:1047900098130020961300201E4A8A235B00D358EA
:1047A0001B070AD48E235B00D358DBB21A4A127857
:1047B000D1B2002A02D0012915D07047592B05D05B
:1047C000164B00221A70144B1A70F6E7134A117830
:1047D000C9B21348435413780133DBB213700E4B44
:1047E00001221A70E9E70D4A1178C9B20C48435406
:1047F00013780133DBB213701378DBB2062BDCD9EC
:10480000130000221A70044B1A70064B01321A7002
:10481000D3E7C04600020048DA150020CF1500207B
:10482000C81500209615002070B5BC4B1B78002BD6
:1048300001D100F0A0FCBA4B43221A70B94B002200
:104840001A70B94A137801218B431370B74B7E223B
:104850009B5C002B04D1B54B02329B5C002B6ED0CD
:10486000B34B1A78072A0CD89300B24AD3589F4604
:10487000AD4A137801210B43DBB21370A84B002221
:104880005A70AA4B7F229B5C002B00D195E0AA4B6B
:1048900019881A78A24BDA70A84B1B88994200D36A
:1048A00087E09B1ADBB29E4A137102F0FFFE892358
:1048B0005B00984200D3B2E0A14B00221A70A04BDB
:1048C0001B78502B03D99F4B1A78964B1A709E4B2E
:1048D0001B78DBB29D4A1278934200D1A5E09A4B37
:1048E0001B78002B00D1A2E08E4B1B78002B00D050
:1048F0009DE0954B1B78DBB28A4A137097E0884B9A
:1049000000225A70BDE7864B02225A70B9E7844BE9
:1049100006225A70B5E7824B09225A70B1E7804BE4
:104920000C225A70ADE77E4B0C225A70A9E77C4BE3
:104930000C225A70864B1A787A4B1A70A1E77C4B7E
:104940001A78092A9DD89300824AD3589F46764AFE
:10495000137801210B43DBB21370714B00225A70A4
:104960008FE76F4B00225A708BE76D4B02225A7013
:1049700087E76B4B04225A7083E7694B06225A7013
:104980007FE7674B08225A707BE7654B0A225A7013
:1049900077E7634B0C225A7073E7614B0C225A7015
:1049A0006FE75F4B0C225A70694B1A785D4B1A7097
:1049B00067E75B4B00221A7177E75C4BC6229B5C72
:1049C000002B09D1594BD5229B5C002B16D1544B9F
:1049D0004622DA701A7168E75F4B1B78504CE3701F
:1049E0005E4D29885E4B1888B93AFDF7ACF82880EF
:1049F000642103F051F8C0B2207156E7484C0023FF
:104A0000E370564D2988564B1888CD3AFDF79BF830
:104A10002880642103F040F8C0B2207145E702F01D
:104A200045FE1138464B187049E73E4B1A703D4B16
:104A30001B78002B00D1A3E04A4B1B78002B00D041
:104A40009EE03A4B80229B5C002B45D0354B1B7877
:104A5000DBB2454A127893421AD0324B1B78DBB254
:104A60003B4A127893421CD02E4B1B78DBB23F4A54
:104A7000127893421ED02B4B1B78DBB23C4A127843
:104A8000934220D0274B1B78DBB2254A5371B9E003
:104A9000384B1B78002B00D1B4E0214B08225A710F
:104AA000B0E0344B1B78002B00D1ABE01C4B06224E
:104AB0005A71A7E02F4B1B78002B00D1A2E0184BB6
:104AC00003225A719EE02B4B1B78002B00D199E0FA
:104AD000134B04225A7195E0144B7E229B5A002BF3
:104AE00004D1124B57329B5C002B11D0224B1B7808
:104AF000002B03D1214B9B7B002B03D0084B0022C2
:104B00005A717FE0074B1B78DBB2054A537179E09D
:104B1000044B1B78DBB2024A537173E0741500201A
:104B2000F41500205E1500200F160020140600204A
:104B30003C15002070A20010D8130020CA130020DA
:104B4000DE15002058130020DD150020561300202C
:104B50005913002090A200103B150020E6130020FE
:104B6000E81300205F1500205D1300205B13002078
:104B700054130020521500203A1500207C13002009
:104B8000BD4B1B78002B3AD0BC4BD5229B5C002B35
:104B900007D0BB4B1B78022B20D0032B22D0012B3C
:104BA00018D0B84B1B78002B24D1B54B1B78002BA9
:104BB00020D0B54B1B7C002B03D1B44B1B78002BB2
:104BC00018D1B34B1B78002B10D0AB4B1A78B14BDC
:104BD0005A7117E0A84BD43A1A70E2E7A64B0222AA
:104BE0001A70DEE7A44B04221A70DAE7A94B002200
:104BF0005A7107E0A04B1A78A64B5A7102E0A54BF8
:104C000000225A71A44B1B78002B00D16BE2A34BFE
:104C10001B78002B00D17AE0A14B1B78002B59D0D8
:104C2000A04CA14DA14B18880A2102F035FF0100CC
:104C3000288889B202F030FF20809A4B1B88002B15
:104C400000D14BE2D9B2934A91711B0AD3718B4BBD
:104C500082229B5C002B05D0954A137804210B43DC
:104C6000DBB21370854B81229B5C002B25D0914BCE
:104C70001B88002B00D157E28D4A137880214942CE
:104C80000B43DBB213708C4B1B889BB2A02212012A
:104C9000934200D84EE2864A137840210B43DBB2A0
:104CA0001370834B1B783F22934300D148E2804A24
:104CB000137804210B43DBB213707D4B1A781F214C
:104CC0000A4074498A701A783B210A401A700022FF
:104CD000002341E2794B1B78002B0BD0784B1978DD
:104CE000714B188802F0E8FE6E4B8200801840007D
:104CF0001880A2E7734B1B78002B9ED0694C6A4A40
:104D0000714B1088198802F0C7FE208095E76F4B21
:104D10001B78002B3AD06E4A1278002A36D1012B2C
:104D200005D0022B1FD05F4B00221A8085E7534B22
:104D3000B9229B5C012B09D0664B198889B2594C6A
:104D4000594B188802F0A8FE208076E7614B19883D
:104D500089B2554B188802F09FFE8300C0184000AE
:104D6000504B188069E7454B2B22985C5A4B1B88A7
:104D70005843642102F090FE81B2584B1980494C8F
:104D8000494B188802F088FE208056E7544B1A7869
:104D9000544B1B789A4223D83949097800291FD0EF
:104DA0003A480078012803D94F4C2478002C17D0BA
:104DB00001394E4B8A0052189B181B5C002B0AD0FD
:104DC000012B00D039E7374C374B1888692102F0A6
:104DD00063FE208031E7334B334A12881A802CE778
:104DE0009A4207D826490978002903D0274909782B
:104DF000042911D09A421BD8214B1B78002B17D0C5
:104E00003B4B1B78642159430531274B188802F02E
:104E100053FE244B188010E7364B1B786031594302
:104E20000531214B188802F047FE1E4B188004E71D
:104E3000314B324A12789B5C0C2B00D9FDE69B006B
:104E40002F4AD3589F460D4BB9229B5C012B07D0AC
:104E5000144C154B1888002102F01EFE2080ECE651
:104E6000114B1888002102F017FE8300C018400083
:104E70000C4B1880E1E6C0465F15002014060020A8
:104E800087150020851500207C130020FE060020D9
:104E900052150020F41500205C150020E8150020B4
:104EA000EC150020F6130020F81300200614002053
:104EB0000F1600200214002078180020761500201C
:104EC000EF15002077150020F81400205D15002054
:104ED000D9150020E2130020EC130020EA13002073
:104EE000841500205A1500205B1500206415002051
:104EF00075150020731500204C1500204A15002060
:104F0000B8A20010A34BB9229B5C012B09D0A24B85
:104F1000198889B2A14CA24B188802F0BDFD2080EF
:104F20008BE69D4B198889B29D4B188802F0B4FD21
:104F30008300C0184000994B18807EE6954B2B22C9
:104F4000985C984B1B885843642102F0B5FD81B2F0
:104F5000954B1980914C924B188802F09DFD208052
:104F60006BE68F4B1888914B197802F0A5FD8B4B9F
:104F7000188062E68E4C21888E4B18880D22FCF733
:104F8000E2FD2080834BB9229B5C012B0BD0834C2C
:104F9000834D0A2102F080FD0100288889B202F0C9
:104FA0007BFD208049E67D4C7D4B1B88010018006D
:104FB00002F072FD208040E6784C794B7E4A1188E1
:104FC0001888890802F068FD208036E6734C744A20
:104FD0007A4B1088198802F05FFD20802DE66D4B1A
:104FE000B9229B5C012B0AD0754B1978632912D921
:104FF0006B4B188802F060FD684B18801DE6684B0B
:1050000018886F4B197802F057FD644B82008018A6
:105010004000188011E6624B188802F04DFD5F4B8E
:10502000820080184000188007E6664C2188664B95
:1050300018880D22FCF787FD2080584C584D0A2116
:1050400002F02AFD0100288889B202F025FD2080A7
:10505000F3E5524C524A5D4B1088198802F01CFD52
:105060002080EAE54B4BB9229B5C012B0CD0584BBE
:1050700018680A2102F010FD81B2484C484B18888C
:1050800002F00AFD2080D8E5514B1988434C444B6F
:10509000188802F001FD2080CFE5404C404A4D4B7E
:1050A0001088198802F0F8FC2080C6E54A4B1B885E
:1050B00080331B1264205843FE2102F0FDFC81B2B4
:1050C000013989B2454B1980354B188802F0E4FC50
:1050D0008300C0184000314B1880AEE5404B0722DA
:1050E0009A71DA71B3E53F4B1888002817D0294B25
:1050F000D1229B5C002B0CD000010A2102F0DCFCC9
:1051000080B2394B1880C2B2354B9A71000AD871FF
:105110009DE5C2B2324B9A71000AD87197E5304BC7
:1051200007229A71DA7192E5304A13787F210B4099
:105130001370A8E52D4A137840218B431370B0E516
:105140002A4A137804218B431370B6E52449C95CBD
:105150008A18D2B20133DBB2072BF7D9204B1A726F
:10516000234A8A235B00D3581B0E7F221A401E233A
:105170009B1A092B00D870BD0023082BFBD8184AB6
:10518000D25CD2B21A48C021490042500133DBB28E
:10519000F3E7C04614060020E2130020F6130020B7
:1051A000F8130020EC130020EA1300203B15002028
:1051B000E6130020E8130020E0130020CA130020AB
:1051C0008C150020FC130020FE130020CC130020BF
:1051D000281500200014002078180020FA13002061
:1051E000F415002002140020F41300200F160020F4
:1051F00000020048F8B504000F0015001E000B4B1C
:1052000018888300C0184000094B2822995C02F0DE
:1052100053FC0004000C801B7843A91B083102F0EA
:105220004BFC80B2001980B2F8BDC046F0130020DC
:105230001406002010B5484B7E229B5C002B04D145
:10524000454B02329B5C002B37D0444B1A78072A1F
:1052500003D89300424AD3589F46002079E0414B3F
:105260001B88414A1288FA210120FFF7C3FF70E032
:105270003D4B1B883D4A1288FA21FA20FFF7BAFFFE
:1052800067E03A4B1B883A4A1288FA20FA2140001C
:10529000FFF7B0FF5DE0364B1B88364A1288FA21D3
:1052A0003548FFF7A7FF54E0FA20800051E0FA20CC
:1052B00080004EE0FA2080004BE0284B1A78092A43
:1052C00003D893002D4AD3589F46002041E0254B38
:1052D0001B88254A1288A7210120FFF78BFF38E0A1
:1052E000214B1B88214A1288A721A720FFF782FFA4
:1052F0002FE01E4B1B881E4A1288A720A7214000C2
:10530000FFF778FF25E01A4B1B881A4A1288FA200B
:10531000A7214000FFF76EFF1BE0164B1B88184AC1
:105320001288A7211748FFF765FF12E0144B1B886E
:10533000154A1288A7211548FFF75CFF09E0FA20FB
:10534000800006E0FA20800003E0FA20800000E000
:105350000A2010BD0A20FCE7140600203C1500209E
:10536000ECA200105E1300206013002062130020E6
:105370006413002066130020EE0200000CA300104E
:10538000681300209B0200006A1300204203000003
:1053900070B5B24B1888642102F07EFB84B2B04D28
:1053A000298804222000FCF7CEFB2880AD4B1B7817
:1053B000DBB2012B38D9AC4B00221A70AB4C2188E0
:1053C00089B2AB4B18880322FCF7BDFB2080A94BA8
:1053D0007E229B5C002B05D1A64B02329B5C002BEE
:1053E00000D172E0A14B1B889BB2A34A1288934262
:1053F00025D9A24B07221A70A14B1B78002B00D194
:10540000D1E0A04B1A789D4B19788A4200D1C3E0B5
:105410009D480378013303709B4B1B78632B00D8A6
:10542000BEE0984B1970C2E08F4A11784B1CDBB27A
:105430001370142BC2D98E4B1C801170BEE78B4B9E
:105440001B889BB2914A1288934203D98B4B062248
:105450001A70D1E7854B1B889BB28D4A1288934204
:1054600003D9864B05221A70C6E7804B1B889BB276
:10547000884A1288934203D9804B04221A70BBE7F2
:105480007A4B1B889BB2844A1288934203D97B4B88
:1054900003221A70B0E7754B1B889BB27F4A1288B3
:1054A000934203D9754B02221A70A5E76F4B1B88F4
:1054B0009BB27B4A1288934203D9704B01221A7027
:1054C0009AE76E4B00221A7096E7684B1B889BB2D6
:1054D000744A1288934203D9684B09221A708BE7E9
:1054E000624B1B889BB2704A1288934203D9634B6C
:1054F00008221A7080E75D4B1B889BB25E4A1288B7
:10550000934203D95D4B07221A7075E7574B1B88EE
:105510009BB25E4A1288934203D9584B06221A70F6
:105520006AE7524B1B889BB2594A1288934203D9AF
:10553000524B05221A705FE74C4B1B889BB2554AB1
:105540001288934203D94D4B04221A7054E7474BFB
:105550001B889BB2504A1288934203D9474B0322BF
:105560001A7049E7414B1B889BB24C4A1288934200
:1055700003D9424B02221A703EE73C4B1B889BB278
:10558000474A1288934203D93C4B01221A7033E7F1
:105590003A4B00221A702FE73B4B002018703BE774
:1055A000364B1A7003E0374B344A12781A703F4B6F
:1055B000DB7D022B4CD03E4B1B68642058433D4B97
:1055C000198802F069FA80B2FA239B00984200D948
:1055D0001800FA239B001B1A9BB2374A1380284BF2
:1055E0001B78002B00D195E0344B1B78002B00D0AA
:1055F00090E0204B84229A5C314B1B789A4200D871
:1056000083E00133DBB22E490B702E490978002963
:105610000FD1134908882C490988884209D926499D
:10562000FA208000088029490020086025490130BF
:1056300008702449097800296CD15208934269D333
:105640001A4BDB7D002B43D01E4B01221A7061E008
:10565000FFF7F0FD184B1880C1E7C046EE1300209D
:10566000EC1300200418002007070020F01300208E
:10567000E413002014060020441300203C150020F1
:10568000741500203E1500203D1500204213002017
:10569000401300203E1300203C1300203A1300204A
:1056A0003813002048130020461300207C130020EC
:1056B00028150020C4130020E2130020D915002073
:1056C000D8150020C41800204A1300201C15002003
:1056D000FFF7B0FD02009632124B1B889BB29A4234
:1056E00004DB104B1B889633984213DD0D4B18805A
:1056F0001B88FA208000C01A0B4B1B88584364217A
:1057000002F0CAF9094B186004E0094B01221A7033
:10571000084B1A70034B1B889B08DBB2064AD373F5
:1057200070BDC046E2130020C41300201C150020E9
:10573000D9150020C41800207C13002070B5AC4A95
:10574000137801331370AB4A137801331370AA4AEC
:10575000137801331370A94A137801331370A84BDF
:105760001B78002B17D170BDA649C95C8A18D2B22C
:105770000133DBB2052BF7D9A24B9B79DBB2934205
:105780000CD09F4B00221A709A4B1B78032BEAD93E
:105790009D4B1A70E7E700220023EBE7954B0020B2
:1057A0001870984B5A7801210A4098490A70597824
:1057B00020242140964C21705B7821218B43954910
:1057C0000870102B23D00ED8042B00D1A2E0082B98
:1057D00003D18D4B042119701CE0022B1AD18A4B86
:1057E0000221197016E0402B00D18FE0802B11D1DF
:1057F000894BD6215B5C012B00D18FE0022B09D1B4
:10580000814B04211970834B0339197002E07E4BE0
:1058100000211970814B1B78002B03D1804B7A49F2
:10582000097819707D4B01211970002A00D16AE1B5
:105830007C4B1B78002B00D024E17B4B1B7C002B86
:1058400004D1714B1B78002B00D01BE1774B1B78E8
:10585000002B00D016E1764B1B78002B02D1744B45
:1058600001221A70734B01221A70734B1B78002BA4
:1058700026D1714B1A70714A13780133DBB2137061
:10588000032B02D9130001221A706D4B00221A70EB
:105890005D4B1B78012B5DD0042B76D0002B43D0C1
:1058A000664B1B780133DBB2664A1370664A13708D
:1058B000664B01221A70504B00221A704F4B1A701F
:1058C0004D4B1B78624A11788B420BD24E4B1A78A3
:1058D000534B1B789A4200D1D7E05E4B1B78002BCC
:1058E00000D0D2E04F4B01221A70524A00231370AD
:1058F000514A1370514A1370404A1170464A84212C
:10590000515C3D4A11704F4A1370BEE03E4B01217D
:1059100019707FE73C4B032119707BE73A4BD5396F
:1059200019703C4B197075E7444B1B78022B09D05A
:10593000032BB5D1484B1A783B4B5A755A7D474BD0
:105940005A71ADE7464B1A78374B1A741A7C434BA1
:105950001A70A5E7394B1B78022B0ED0032B9FD171
:10596000404B1A78304B1A75197D3C4A91713E496B
:10597000097899759B7DD37292E73C4B1A782A4B34
:105980005A745A7C354B5A708AE72C4B1B78022B81
:1059900015D0032B84D1364B1B78092B1FD0354BE8
:1059A0001A78214BDA74DA7C334B1A70334B1B783C
:1059B0000A2B00D074E7224B01221A7070E72C4B9F
:1059C0001B78092B00D06BE72A4B1A78164BDA7438
:1059D000DA7C294B1A701A4B01221A7060E7284BA7
:1059E0001A78114B5A735A7B1C4B5A72DEE7C04629
:1059F000001600209413002080150020841500203C
:105A000096150020C8150020FE0600207C150020F9
:105A1000FE15002034150020140600207415002007
:105A2000FF060020811500207C130020E8150020CF
:105A3000D91500208215002085150020871500202B
:105A40005B1500205F150020601500205C1500200C
:105A50005A15002039150020381500206415002043
:105A6000D0150020D6150020E6150020DC150020FA
:105A70007D1500207F150020731500207E15002065
:105A800035150020B24B01221A70B24B1B78B24A76
:105A9000127893420DD2B14B1978B14B1B789942D1
:105AA00014D0B04B1B78002B10D1AF4B1B78002BC0
:105AB0000CD1AE4900230B70AD490B70A5490A709B
:105AC000AC4A1370AC4A1370AC4A1370A94B1B78E4
:105AD000002B00D191E0AA4B00221A70A94B1B7C2D
:105AE000002B03D0A84B1B78002B04D09B4B1B78BA
:105AF000002B00D081E0994B1A78042A7AD89300C1
:105B0000A24AD3589F46924B1B78002B0ED1974B3D
:105B10001B78002BB9D0954A002313709C4A137050
:105B20008C4A1370934B01221A70AEE7884B002207
:105B30001A70AAE78E4B1B78022B10D0032B1BD0B8
:105B4000012B57D18F4A117C924B1970137C59420B
:105B50004B41DBB21374127C8F4B1A704AE0894AB6
:105B6000517D8E4B1970537D59424B41DBB25375B9
:105B7000527D894B5A713DE000F074FD3AE07C4B58
:105B80001B78022B10D0032B1BD0012B32D17D4A66
:105B9000517C834B1970537C59424B41DBB2537497
:105BA000527C7D4B5A7025E0764A117D7D4B1970F1
:105BB000137D59424B41DBB21375127D764B9A71BE
:105BC00018E0704A917D784B1970937D59424B4192
:105BD000DBB29375927D704BDA720BE0644B1B78ED
:105BE000022B29D0032B2BD0012B21D0654B9A7C83
:105BF0006E4B1A70604B01221A706D4B7E229B5ABD
:105C0000002B05D16A4B57329B5C002B00D1E2E0A0
:105C1000564B1B78002B00D184E04E4B1A78654B15
:105C20001B789A4200D2D6E0544B00221A70D2E080
:105C3000544B01229A74D9E7524B02229A74D5E749
:105C4000504B03229A74D1E7494B1B78022B0CD09E
:105C5000032B0ED0012B04D04A4B9A7C534B1A7065
:105C6000C8E7484B04229A74F6E7464B05229A741B
:105C7000F2E7444B06229A74EEE73D4B1B78022B69
:105C80001CD0032B37D0012B04D03E4BDA7C4A4B7F
:105C90001A70AFE73B4BD97C484A1170DB7CDBB212
:105CA000434A6D21525C934202D0364BDA74ECE7E2
:105CB0003F4B6F229A5C334BDA74E6E7404B1B781C
:105CC000092B08D03A4B70229A5C2E4BDA74DA7C9E
:105CD0003A4B1A70D9E72B4A517B3A4B1970537BD8
:105CE00059424B41DBB25373527B2B4B5A72244BBC
:105CF00001221A70C9E7344B1B780A2B05D02C4BB4
:105D000071229A5C1F4BDA74BFE71E4A937B59429B
:105D10004B41DBB29373927B1F4B9A73184B01225A
:105D20001A70B2E70B4B1978214B84229A5C214BF5
:105D30001B78D31A99424BDB914249D20C4B1B780A
:105D4000002B45D00D4B214A12781A7043E0C04613
:105D500081150020841500205A150020FE06002021
:105D6000FF060020E81500203915002085150020C9
:105D700087150020861500205C1500205F15002087
:105D80005B1500207C1300203415002034A3001084
:105D900082150020D0150020641500203815002041
:105DA000DC150020D6150020E61500207515002012
:105DB0001406002052130020731500207F150020C8
:105DC0007D150020351500207E150020601500206F
:105DD000C74B00221A70C74B00221A70C64B9B7C1F
:105DE000082B2BD0C54B1B78002B04D0C44A12784B
:105DF000002A00D10EE1002B00D121E1C04A127827
:105E0000002A00D11CE1BC4A127C002A00D117E113
:105E1000BC4A1278002A00D012E1BB4B01321A7042
:105E2000BA4B1A70B44B9B7C082B03D0B24B9A7CB4
:105E3000B74B1A70B04B08229A7404E2B14B1B782E
:105E4000002B17D0B24B1A78AB4B9A74AE4A002392
:105E50001370AE4A1370AF4A1370AF4A1370AF4A53
:105E60001370AF4A1370AF4A1370AF4BAF4A12783A
:105E70001A70E8E1AC4B00221A70AA4B01321A707A
:105E8000A54B1B78002B4AD0A54B1A709B4B1B7857
:105E9000002B02D1A64A01211170002B07D0A44B80
:105EA0001B78002B03D0A34B01221A7016E0A14BE4
:105EB0001B78002B0FD0A04B1C782001201840002D
:105EC0008D4D297BC9B201F0F7FD9C4B18702C73E6
:105ED000974B00221A70974B00221A70984A137839
:105EE0000133DBB21370974A8421525C520893420B
:105EF00007D3934B00221A70934A137859424B41AF
:105F00001370914B1B78002B04D0904B8B4A127866
:105F10001A7098E1784B1A7B8C4B1A7093E17D4B89
:105F20001B78002B4ED08A4B1D888A4B1C882A1B5D
:105F300093009B181801C01A642101F0BDFD81B2C5
:105F4000611889B2091B844801F0B6FDC0B26A4BE2
:105F50001873824A222111700122DA7200229A7586
:105F60007F4A13780133DBB21370764A6231525C98
:105F70005208934207D37A4B00221A70794A137859
:105F800059424B411370774B1B78002B17D0764B3F
:105F90001C805A4B1B78002B02D1654A01211170DD
:105FA000002B00D14FE1624B1B78002B00D14AE15E
:105FB0005F4B00221A70584B01321A7043E16A4B52
:105FC0001D80E6E7514B1B78002B00D13BE1534B82
:105FD00001221A70654B1B88634A13805C4A128841
:105FE000934201D95A4A1380444B1A78002A02D1AD
:105FF0004F4B01211970002A00D124E14C4B1B7832
:10600000002B00D11FE14A4B00221A70414B013294
:106010001A7018E1FFF70EF9554B18801B88FA200B
:106020008000C01A534B1B885843642101F034FD93
:10603000514B1860514B01221A703A4B1A7002E111
:106040002D4A927C062A1BD02E4A1278002A00D1B3
:10605000F4E03C498820095C002922D0002B1DD0A7
:1060600027490978002919D045490978002915D10F
:1060700044490978002911D043498738087010E055
:10608000002B07D01E4B1B78002B03D03F4B053A4B
:106090001A70D8E03D4B00221A70D4E03A49002033
:1060A000087028496420095C002900D1CBE0002B4E
:1060B00070D0134B1B78002B6CD0334B1B78002B0C
:1060C00068D10D4B5B7CDBB23149CB5C002B61D0DE
:1060D0002B4B1B78002B00D0B5E0294B01221A7006
:1060E000054B997C0A4A117007229A74ABE0C046AE
:1060F0005F150020861500207C130020FE1500206F
:10610000D9150020FE060020E8150020E915002022
:10611000C4150020EA150020EB150020771500209B
:10612000761500205C150020841500205A150020EB
:10613000FF150020EC1500208F1500208E15002083
:10614000ED15002014060020EE150020EF150020AC
:10615000D4130020D8130020A80F000094150020AD
:10616000F0150020F1150020F8140020CA130020BB
:10617000E2130020C41300201C1500205D15002030
:106180000616002081150020D4150020451500209A
:1061900004160020B54BAF215B5C002B40D0B34B05
:1061A0004A395B5C002B3BD0B14B1B78002B4AD0AB
:1061B000B04B1B78002B07D1AE4B64391970AE4B36
:1061C00000211970AD4B1A70A84BB021595CAA4B35
:1061D0001B78994218D9A94B1B789A420BD0A84B2F
:1061E0001A78A84B9A74A24A00231370A14A13701C
:1061F000A54A137027E0A54B1B78002BEFD1A14BCC
:106200005B7C002B1FD0EAE79D4B1A789D4B9A745C
:10621000974A00231370974A13709B4A137012E039
:10622000934B1B78002B03D0954B1A78954B9A749F
:106230008F4B00221A70944B1A7004E0944B00228A
:106240001A708B4B1A708F4B9A7C013A914B1C78C9
:10625000914B91008A189B18185D904B1870834BD6
:10626000D6229B5C002B0CD08D4B1B78002B08D0CA
:106270007E4B063A9B5C5843642101F00DFC874B32
:106280001870804B5B7D002B6FD0864B1B78002BEA
:1062900060D0854B1B78002B5CD1844B1B78002B86
:1062A00058D0834B1B78002B54D1824B1B78002B8A
:1062B00013D1804A013313707F4A13707F4A1370E1
:1062C0007F4B00221A707F4B1A707F4B1C707F4BE4
:1062D0001B78002B28D07E4A13707A4B1B787B4AA0
:1062E000D25C002A02D1764A002111705A1C7949E9
:1062F00009788A4224DA724A1178754A1278043A87
:10630000914203DA704A127894422ED06C4A0021EE
:1063100011700133DBB26B4A13706C4AD35C002BF3
:1063200008D06B4A137020E0504B84229A5C684B73
:106330001A70D2E74D4B84229A5C654B1A7014E0B8
:106340005F4B1A78624B1B789A420ED35A4B00224D
:106350001A700AE0574B1B78002B06D0554A0023D1
:106360001370554A1370554A1370574B1C703F4BAE
:1063700063229B5C002B0AD04A4B1B78002B03D175
:10638000554B1B78002B4BD0544B01221A70544BA9
:10639000DB78DBB2534A1370344AB921525C002ACD
:1063A00042D0514AE12189004B4313802F4B832275
:1063B0009B5C002B09D04A4B5B79DBB24B4A1370D4
:1063C0005278934201D2494A53702E4B9B7C072B43
:1063D00003D02F4B1B78002B2BD0244BAE22985C84
:1063E0000A2101F059FBC0B2264B9872254C627C01
:1063F0003F4B9200D0583F4B198801F04DFBC1B282
:106400003D4B19703D4B1878FBF797FB3C4B1870D0
:10641000A37DDBB23B4AD25C3B4B1A70FFF7B1F96C
:106420002E4B00221A70B2E72F4A38494B43138093
:10643000BCE7144B5B7CDBB2354AD35C022B06D045
:10644000104A537CDBB22949CB5C9372CEE7314BC7
:106450001B78002BF4D0054BAE22985C0A2101F08A
:106460001BFBC0B2074B9872C0E7C0461406002061
:106470000616002001160020001600200716002036
:10648000C41500207C13002008160020C618002028
:10649000D4150020FE0600209C1500209915002030
:1064A000341500208115002087150020D915002003
:1064B000E8150020391500203A1500205C15002051
:1064C000841500204A150020FF06002054150020E6
:1064D0005A15002037150020821500208315002052
:1064E000C81500208B150020F81300200C16002082
:1064F00008150020EE1300202F1500202E15002077
:10650000FC06002094150020901500209B0500003B
:10651000E4150020E015002010B500F029FB1B4B0E
:106520001880FCF791FBFDF75DFAFCF7B3FB184B05
:10653000187800010A2101F0AFFA164B1870FEF727
:1065400001F8154B1A78511C197003231340022BC4
:1065500019D00AD8002B11D0012B11D1FDF7A2FAC6
:10656000FCF7E4FCFCF74EFD0AE0032B08D1FCF736
:10657000ADFB00F081F9FEF70BFF01E0FFF7DEF85D
:10658000FDF790FC10BDFEF74FF9F9E7001400206D
:10659000041800203B1500204215002030B589B0BA
:1065A00020220021684603F031FD2A4B1A682A4B4D
:1065B0009A4240D0294B284A1A60294A2221515C2C
:1065C00019712A21515C880009184800D88060217F
:1065D000515A19816221515C99720021D972107E41
:1065E0001873907D58739973D9736931515C19741C
:1065F0006821515C59746E21515C99746D21515C14
:10660000D9746B21515C19758721515C5975C3216F
:10661000515CD9756C21525C9A7569460A00180064
:1066200038C838C238C838C200230222094800F0EE
:1066300061FF09B030BD6C4602222100054800F020
:106640008DFF06490B00220031CA31C313CA13C3A0
:10665000EFE7C04600FF0010DDAA00007C13002019
:106660001406002030B589B06C462022002120009D
:1066700003F0CCFC074B2200190029C929C229C903
:1066800029C2002302222100034800F033FF09B091
:1066900030BDC0467C13002000FF001010B55F4BDA
:1066A00000E0013B002BFCD1FBF7F0F9002800D003
:1066B00001BE8020400000F0FFFF594B00245C60C9
:1066C0006A225A641C64A021C9050B68554803401E
:1066D0009732FF3213430B6053490B6803401A4350
:1066E0000A60FAF793FD00F0D7FFFBF735FEFBF7E2
:1066F00053FAFFF753FFFDF7E9FD4C4B1B793C3391
:106700004B4A13704B4B1C7000F0F2F94A4B0122BC
:106710009A604A4B00E0013B002BFCD1484BC6225B
:10672000920099580902090A8020C0050143995036
:1067300080210905196098584249084080210902C2
:106740000143995080218904196098583E490840B6
:1067500080210904014399508022D2041A603B4BE6
:106760001868FA21890001F097F9013880235B0449
:1067700098420DD2364A50603648036A1B021B0A03
:10678000C02109060B4303620023936007331360A3
:10679000A023DB050F22DA602F4A116B80235B00F8
:1067A0000B431363254B00E0013B002BFCD12B4B2B
:1067B0005A6801210A435A60294A9A60294B1A688B
:1067C000294B1A60254B264A9A60284B1B78002BD0
:1067D00019D0224B224A9A60254B1B78002B15D1E9
:1067E000204B1A68234B1B88D31A0A2B11D81D4B38
:1067F0001A681D4B1B68D31A192BE3D91A4B1A6060
:10680000FFF78AFEDEE7FDF7C7FFE2E7FDF760FF6F
:10681000E6E7184B1A8000F0E5F8E8E7804F120031
:1068200000000340FFFCFFFF0000044814060020A6
:106830009C1700200E16002000000150C0D401005B
:1068400000E100E0FF00FFFFFFFF00FFFC3F002032
:1068500010E000E000ED00E0000001400000024018
:10686000FECAADABA8180020141600209615002013
:10687000CF1800201016002070B58CB0484B1B7844
:10688000022B19D00CB070BD464BA600F05801F099
:1068900003F906AB9851A20006ABD358ED180134AA
:1068A000052C0CDC404B6200D15A0029ECD1A3002E
:1068B00006AA01319950EEE700240025F0E7002DEB
:1068C00003D00024C026760114E0354B04221A7050
:1068D000D8E7A20006ABD0580004290001F0DCF88C
:1068E00080B262006B46D052B6B203A956528019EC
:1068F00006B20134052CECDD8C235B029E4205D0F0
:106900009A1B6B465B899B186A465381002209E0FB
:1069100053006946585A2549585203A9585A2449E0
:1069200058520132052AF3DD1D4B05221A7003ABC4
:106930001A88803212121F490A805A888032121235
:106940001D490A809A88803212121C490A80DA880E
:10695000803212121A490A801A8980321212194999
:106960000A805B8980331B12174A13806B461A8892
:10697000164B1A806B465A88154B1A806B469A88BC
:10698000144B1A806B46DA88134B1A806B461A89AF
:10699000124B1A806B465A89114B1A8072E7C04617
:1069A000961700207C170020701700202807002071
:1069B0001C070020181600201A1600201C160020A4
:1069C0001E1600202016002022160020DC170020B2
:1069D000DE170020E0170020E2170020E417002057
:1069E000E617002030B51D4B1B78002B35D11C4B12
:1069F000E022920099580905090D1A48825812059B
:106A0000120DE12080001B581B051B0D164801606C
:106A100016480260164803604802164C2568E901D2
:106A2000491B0918C8092060090C1348018051024C
:106A300012480468E201121B5218D1090160120CBD
:106A40000F490A805A020F490868C3011B1A9B1894
:106A5000DA090A601B0C0C4A138030BD06070020BF
:106A600000080348000403482C17002030170020BA
:106A700034170020340700200C07002038070020BE
:106A80000E0700203C070020100700200D4B0122BC
:106A90001A700D4B196BFF320A431A631A6B0B49BC
:106AA0000A401A6309E0084B196B802252000A431E
:106AB0001A631A6B05490A401A63054B9B68DB078A
:106AC000F1D570471807002000000140FFFEFFFFCE
:106AD000000100500323034A1361034A1361034A70
:106AE0001361704700010050000200500003005085
:106AF000084B5A6A910801230B40510849000220B3
:106B000001400B43920004210A401343024A1370D0
:106B10007047C04600010440051800200B4B19883F
:106B20000A040B4B1A600B48844662445A600022E8
:106B30009A60DA601A6199832C215A545A619A61D9
:106B40009A775A621A629A627047C046EA17002022
:106B5000AC1700200000C731034BDB689B0A0348D9
:106B60005843000C7047C046AC1700206511000068
:106B7000054BDA68120BD3009B1859015B1898007B
:106B8000801A000C7047C046AC170020034BDB682E
:106B90001B0A03485843000C7047C046AC1700203E
:106BA0007513000070B500241FE0214B6500E85A02
:106BB00002F068F91F4901F057FEFC21890501F038
:106BC000E9FA01F0B1FA1C4B58531C4BA200D05803
:106BD0001B4901F049FEFC21890501F0DBFA01F0B7
:106BE000A3FA184B58530134E4B2072CDDD9002422
:106BF00008E08020C00500F04FFF134BAD00585156
:106C00000134E4B2062C0BD82500631C0A4A5B0051
:106C1000985A63009B5AC11A9842EAD10121E8E7C9
:106C20000A4B0B4A1A600B4B01221A7070BDC0460A
:106C300088A70010022B8F40D018002068A70010F2
:106C4000610B36434C1800202C180020201800201F
:106C50007F0300006818002070B5154B1B88834225
:106C600005D2134BDB89834204D9002307E0114B83
:106C700018881CE00F4BD88919E00133DBB21C00E7
:106C80005D1C0B4A6900895A8142F6D36600B35AEB
:106C9000C01A094AA400A3584343DB0B05496D0001
:106CA0006A5A705A121A5343DB0BC01880B270BD77
:106CB000D01800204C1800202C18002070B5864BEE
:106CC0001B78002B07D0854A138801339BB21380B1
:106CD000042B03D870BDFFF765FFF4E71300002213
:106CE0001A80FFF753FF7E4B1C68001B031100D175
:106CF00085E0E4187A4B1C60A0B2FFF7ADFF794B3A
:106D00001880794B1A78794900254B5F0988521A07
:106D100012B2961100D17CE089190BB2734A13802C
:106D20001A019B189BB2724A1380C01880B2714B33
:106D30001880C8235B01984203D96E4BC8225201C8
:106D40001A806D4B1B78002B6DD1EFF3108672B655
:106D50006A480568AD116A4B19688911694A15605E
:106D6000694A1160002202601A60634B40321A7057
:106D700086F31088EB17E8185840CB17C91859400C
:106D8000002953DD4B015B1A9B005B1ADB005B1A89
:106D9000DB13282B00DA28235C4A1668002E47D024
:106DA0005B4A7243D2139E4244DA584A1360574BEF
:106DB0001B68834200DD0025564B1B689C423ED277
:106DC000554B00221A60544B1B88544A1380494A81
:106DD00012889B189BB2524A1380524A1278002A9A
:106DE00069D0514A1288120AF92A55D94F490968BF
:106DF0004F48814250DC4D4A093111605EE0002865
:106E000000D177E702DD0123E41873E701235B4239
:106E1000FAE7002A00D181E703DD0123CB181BB27A
:106E20007CE7444BFAE700210025A3E70121A9E70D
:106E30001A00B8E78242BADD344A1360B7E7002D82
:106E4000C1D0EB17E8185840C00300F035FE03012D
:106E50001B1ADB13012B12DD0F2B12DC002D12DDB0
:106E60002D490A68D3180B602B4B1B68324A93429A
:106E70000EDB324A93420DDC274A1360A3E702235C
:106E8000ECE70F23EAE724490A68D31A0B60EBE723
:106E9000294BF1E7294BEFE7F92A0FD8234A12686B
:106EA000002A0BDD093A21490A60002A06DA0A00A5
:106EB0000021116002E01D4A002111601B4A128866
:106EC0009B189BB2164A138080229201934200D8ED
:106ED00000E7134B1A80FDE6681800206A180020AE
:106EE000281800207C1800200418002024180020F6
:106EF0007A1800207E18002040070020A0170020EC
:106F0000A41700204C17002050170020481800201C
:106F100033730000201800205C1800208018002027
:106F200082180020CB180020781800201C180020A0
:106F30001B070000FFFF000006FBFFFFFA04000034
:106F40002D4B00221A702D4B1B682D4A12689A4255
:106F500001D92B4B1B682B4A12689A4201D9294B45
:106F60001B68294A934211D9284A11884B1C9BB2AD
:106F70001380142B0DD91180254B01221A701E4B42
:106F80001A70244BFA22D2001A8002E01F4B002212
:106F90001A80214B1A68214B9A4211D9204A118834
:106FA0004B1C9BB21380642B0DD911801D4B012209
:106FB0001A70114B1A70174BFA22D2001A8002E095
:106FC000174B00221A80184B1B78184B00221A808E
:106FD000104B1B88002B0DD0013B9BB20D4A138038
:106FE000002B07D10A4A13700E4A1370104A13700F
:106FF000014A13707047C04618180020F41700208B
:10700000F8170020FC17002000A41F0064180020BF
:107010001B18002066180020F017002000EB41002C
:10702000621800201A1800200418002060180020A0
:107030001918002010B5554B1A78554B1B78DBB248
:107040009A4211D0524B1B78002B02D1504B0A228E
:107050001A704F4C21789820400100F01DFD4D4BD7
:1070600018802278494B1A704B4B1A784B4B1B787F
:10707000DBB29A4211D0494B1B78002B02D1474B0F
:107080000A221A70454C21789820400100F004FD36
:10709000434B18802278404B1A70424B1B78002BD0
:1070A00037D1414B1B78002B33D1404B1B78002B41
:1070B00033D13F4B1A783F4B1B881B0A9A421BD394
:1070C0003D4B1A78D2B23D4B1B78DBB29A4213D3B8
:1070D0003B4B1A8892B23B4B1B889BB29A420BD80F
:1070E000394B1A8892B2394B1B889BB29A4203D310
:1070F000374B1B78002B20D02E4B1B889BB2284A85
:107100001288934215D92B490B889B1A9BB20B808E
:1071100002E0284B00221A8010BD264A1188C908B7
:1071200013885B1A9BB213802A4A136801331360D9
:10713000F2E7204B00221A80EEE7274B1B88002B3A
:10714000EAD11B4B1A781B4B1B881B0A9A42E3D9C6
:10715000194B1A78D2B2194B1B78DBB29A42DBD9A1
:10716000144B1A880B4B1B88D218F0235B019A42F0
:1071700006D31A4B1B781B02934203D3130001E082
:10718000F0235B019BB20B4A1380C5E7C9180020AE
:107190004507002076180020C8180020440700206A
:1071A000741800206D1700206C170020181800209C
:1071B000CA18002078180020C718002004180020E2
:1071C0006C180020EC0600207018002042070020F8
:1071D000C61800200C1800206618002008070020A0
:1071E00010B586B0844A136801331360EFF310843E
:1071F00072B6002306E0814A9900885801AA885097
:107200000133DBB2042BF6D984F3108801990123F2
:10721000002401E00133DBB2042B07D89A0001A857
:1072200012589142F6D211001C00F3E7744B1B6810
:107230008B422CD0724B1960042C1BD0714B1B78E5
:107240005BB2002B00DA98E09B0001AA9A586E4BC3
:107250001B68934200D198E0D31A9BB26B490B8014
:10726000694B1A606A4B01221A706A4A137801331B
:10727000137008E0654B00221A80624BFF321A70CF
:10728000634B7F3A1A705C4B1A68634B1A605A4B17
:107290001B68614A12689B1A604A128893420DD992
:1072A0005A4B00221A80574BFF211970564B1A6017
:1072B000574B80321A70574B00221A70584B1A687D
:1072C000584B1B68934215D0002B00D0D31A554958
:1072D0000A60494A1168544A1160002B0AD096226C
:1072E0009200934206D99BB2504A1380504A1368C9
:1072F00001331360404B1B684B4A12689B1A4D4A7E
:10730000934204D9494B00221A80464B1A604A4ADC
:10731000C7239B00D25892109205920D47480188CE
:107320004900511803885B189B109BB2018889B2F1
:10733000994234D0414A1380414AC6239B00D35816
:107340009B109B059B0D3F4A13803F4B1B889BB2B4
:10735000002B33D03C4B1B889BB28022920093427F
:1073600027D93A4B18780002374B1988090A00F0E0
:1073700093FB80B2364B188023E0224B1C70224BCB
:107380001960244B00221A707DE7204B1B889BB2AA
:10739000002B00D077E71D4B2E4A1A8073E79A42E4
:1073A00002D901339BB2C5E79A42C3D2013B9BB2DB
:1073B000C0E7264B1B78264A138002E0244B0022AC
:1073C0001A80254B5A6A920A012313405A425341AC
:1073D000DBB2224A1370FFF771FCFFF7B1FDFFF734
:1073E00029FEFFF7B9FB1E4B1860FFF7C1FB1D4BD1
:1073F000186006B010BDC046A818002088180020EC
:10740000B018002041070020AC180020721800209E
:10741000CF180020CE180020A0180020F006002071
:10742000BC180020B4180020A418002084180020E4
:10743000C018002035080000000403486E18002022
:107440000008034870180020781800200418002055
:107450006C180020C21D000000000440C618002067
:107460001418002010180020064B1A8980214901A9
:107470000A431A8148215A5A8020000102435A5275
:107480007047C0460000054010B50D4A13681B0A3E
:10749000FF210B400B480360126811400A4A11603B
:1074A000002B08D01B02C918084800F0F5FA40006C
:1074B000074B186010BD064B064A1A60FAE7C04633
:1074C00000030140E4180020E0180020000024F42C
:1074D000FC3F00200048E80110B5FFF7C5FFFAF7B0
:1074E000C7FA10BD70470000014B188880B2704782
:1074F00000000540F8B504000D001700164A9188F9
:10750000FF20814391809188C020800101439180B8
:10751000002B06D0938861210B439BB293800026F9
:107520000BE00D4A9388A1210B439BB29380F6E7B1
:10753000FFF7DAFFC007FBD40136BE4206D20023B4
:10754000032BF5D802CD02C40133F9E7024A938830
:10755000FF218B439380F8BD0000054030B5002526
:1075600005E010C810C10133032BFAD9013595424B
:1075700001D20023F8E730BDF0B5C64600B58B0850
:10758000984604339B001E5803250D40ED00F82754
:10759000AF40BE431E50436F4F000326BE40B3436F
:1075A0004367CB0810339B001F5807260E40B600D8
:1075B0000424B440A7431F501F585478B4402600F9
:1075C0003E431E500D4B98420ED00023D356002B45
:1075D00010DB434604339B0019581278AA400A4333
:1075E0001A5080BCB846F0BD036E01268E40B343EE
:1075F0000366EAE753688B404360EAE70002044011
:1076000010B50C000DE0800808490B68084A1340CB
:1076100002021343074A13430B60044B1B685B00D1
:10762000FBD4A3008342EED310BDC046000301404B
:10763000FF000FC00000F03F30B50C000EE001224B
:1076400090000A490B680A4D2B4092021343094AE5
:1076500013430B60054B1B685B00FBD48300A34204
:1076600003D20028EBD00200EAE730BD000301405E
:10767000FF000FC00000F03F014BC3225A62704769
:1076800000000140034BC0225A62024B5B6A5B0759
:10769000FBD4704700000140034A938C01210B4347
:1076A0009BB293847047C0460010014010B58623FA
:1076B0005B001B68984710BD10B50400FFF7E2FFA0
:1076C000054B186920431861034B1B685B00FBD412
:1076D000FFF7D2FF10BDC04600030140034B9B687B
:1076E00003405A1E9341D8B27047C0460003014080
:1076F00070B504000D00FFF7C5FF154B1A68120A9C
:10770000FF2010401968134A11402943124A0A43C6
:107710001A600F4B1B685B00FBD4A04214D82100F9
:10772000FFF78AFF0A4A13680C490B4024021C43E6
:10773000094B23431360064B1B685B00FBD4FFF728
:107740009BFFFFF7A1FE70BD2100FFF759FFE9E79E
:107750000003014000FF0FC00000F03FFF000FC01A
:1077600010B50400FFF78EFF074A136807490B4066
:10777000A1680B4361680B431360FFF77DFF6078DE
:107780002178FFF7B5FF10BD00030140FFFFF0FFB8
:10779000014B18687047C046FC3F002010B5044BF1
:1077A000984200D010BD0420FFF786FFFAE7C046DC
:1077B0000000044870B505000C00FFF7EFFF8023C0
:1077C0005B00EB602B68034A1340A4031C432C604E
:1077D00070BDC046FF3FFFFF03680A0C93430904D6
:1077E000090C1943016070470B6843614B799B0694
:1077F000DB0F1B0543600B791B071B0F43624B79A3
:107800001B071B0F03624B79DB06DB0F83610B79D0
:107810001B09C36270470B6843614B79DB07DB0AC6
:1078200043600B791B071B0F43620B791B09C36273
:107830007047000010B543680324A3431943416017
:107840004369012A03D0044A1340436110BD8022DA
:10785000D2001343F9E7C046FFFBFFFF4368302225
:1078600093430901194341607047F0B5C64600B51E
:107870004C1EE4B206686500EDB22F001037FFB26F
:1078800003239846BB409C4633006646B3439C4660
:107890005378BB40664633431531CFB20121B9401E
:1078A0008B439178B94019431935EDB24646AE4045
:1078B000B143D378AB400B43A100C9B20F248C4035
:1078C000A34312788A401343036080BCB846F0BDDE
:1078D00030B50B291AD889000D4B5B589F460325FC
:1078E00000240DE0C0252D010A2409E0C025AD00CB
:1078F000082405E00C25022402E0C025AD010C247B
:10790000A8214358AB43A2401A43425030BDC04661
:1079100098A7001010B5A023DB05984200D010BD39
:107920000220FFF7C9FEFAE770B505000C00FFF76B
:10793000F1FF80235B00EB602B68034A1340A40334
:107940001C432C6070BDC046FF3FFFFF0123036155
:107950000B6843614B7BDB06DB0F1B0543600B7B36
:107960001B071B0F43620B7B1B09C3624B7B1B076F
:107970001B0F03624B6883618B681422534083643E
:10798000704703680A0C93430904090C194301600A
:107990007047000010B543680324A34319434160B6
:1079A0004369012A03D0044A1340436110BD802279
:1079B000D2001343F9E7C046FFFBFFFFF0B5C64610
:1079C00000B54C1EE4B206686500EDB22F0010371A
:1079D000FFB203239846BB409C4633006646B34340
:1079E0009C465378BB40664633431531CFB20121E4
:1079F000B9408B439178B94019431935EDB24646E9
:107A0000AE40B143D378AB400B43A100C9B20F24C1
:107A10008C40A34312788A401343036080BCB8466D
:107A2000F0BD41637047000030B50B291DD88900B7
:107A30000E4B5B589F460024032510E00A24C02506
:107A40002D010CE00824C025AD0008E004243025F9
:107A500005E002240C2502E00C24C025AD01A8217C
:107A60004358AB43A2401A43425030BDC8A7001050
:107A70004B6803658B6843650B68C364704710B53A
:107A8000436F490003248C40A3434367436F8A40FC
:107A90001343436710BD000010B5EFF3108272B6B8
:107AA000044B04245C6318625962986A82F310885C
:107AB00010BDC0460000034010B5EFF3108272B64F
:107AC000044B00245C6318625962986A82F3108840
:107AD00010BDC0460000034010B5044B984200D0D2
:107AE00010BD8020FFF7E8FDFAE7C0460000015016
:107AF00070B504000D00FFF7EFFF0323E3602B6870
:107B0000236070BD03689B0705D103680A681343AF
:107B10000360002070470120FCE710B5436F10316F
:107B200001248C40A3438A401A43426710BD0000E1
:107B3000F8B504000E00170000F052F9357A002D58
:107B400000D11035002F07D03379002B26D03168B3
:107B50002A00200000F088F8F379013B5B006D08F3
:107B600001352D022B43144A1343E3637379013B20
:107B70001B068122520013436363B379002B13D099
:107B8000626B013B1B0413436363A023DB00A3630D
:107B900001235B42E36473892364F8BD31682A00E2
:107BA000200000F00BF8D7E7626B7379013B1B04F0
:107BB00013436363E9E7C04601000300F0B5DE4606
:107BC0004F4680B583B083460C001500632941D928
:107BD000002A01D101203EE0FFF7DAFD6421FFF722
:107BE0005BFF814664212000FFF756FF07001C4E13
:107BF000012301938023DB0000931C0000E0013C83
:107C0000002C12D03900694348466043FFF744FF17
:107C1000830A8005800D8022D2009342EFD88642ED
:107C2000EDD9060001930094E9E7009F013F80230E
:107C30001B023B435A46136153690A4A1340013DF4
:107C4000AD022B43019E013E360433435A46536135
:107C5000002000E0012003B0C0BCBB46B146F0BD2F
:107C6000FF030000EF8000FCF0B5DE4657464E46AD
:107C70004546E0B583B08046894617000192FFF77C
:107C800087FD06004B465F43B8424ADD3900FFF7E7
:107C900013FF0400012506E0013529007943300077
:107CA000FFF70AFF0400204B9C42F5D8019F3900E2
:107CB000614369433000FFF7EFFE8346631C9A4639
:107CC0003900594369433000FFF7E6FE4B46181A66
:107CD000C317C01858404B465A469B1ADA179B18D0
:107CE0005340984200DBA2468022D2005346D21A6B
:107CF0008023DB0113434246136153690B4A13404F
:107D0000019F013FBF023B43013D2D042B434246EF
:107D10005361002003B0F0BCBB46B246A946A04662
:107D2000F0BD0120F6E7C046FE030000EF8000FC36
:107D300070B504AC24784569094E3540002A0DD051
:107D4000102211431B0419430C43059B1B021C43C7
:107D5000069B9B021C432C43446170BD0022F0E74C
:107D60002C8000FC70B584256D004459064E3440CB
:107D700044514459054E34401B020B431206134331
:107D80001C43445170BDC046FFFFFFF8C0C0FFF860
:107D900070B586256D004459074E3440445144590E
:107DA000064E34401B020B43120613431C43802330
:107DB0005B052343435170BDFFFFFFF8C0C0FFEFD9
:107DC00010B5064B984200D010BD0820FFF774FC98
:107DD0000820FFF783FC0028FAD1F5E708000048E7
:107DE00010B504009023DB0598420CD0084B984254
:107DF00009D00323E360E368DB07FCD5236C0F2283
:107E00009343236410BD0348FFF7DAFFF1E7C04650
:107E1000000200480800004810B5034BFF221A601A
:107E20000120FFF749FC10BD0005014070B50400BA
:107E30000D00FFF7F1FF6B6923606A6880231B0266
:107E400013438022A350AA68A023E250EA680433B7
:107E5000E2502A69DD33FF33E2502A68C93BFF3B19
:107E6000E25070BDF0B5C64600B5002A19D1CA0669
:107E7000D20E90464905490F1F26E022D2009446B3
:107E80000025082728339B001C5862469443B940BC
:107E90002143B1434246AA400A431A5080BCB84627
:107EA000F0BDCA02D20E90464901490FF82676036A
:107EB000E022D204944610251827E3E770B50400A9
:107EC0000D00496800230022FFF7CCFF69680023FA
:107ED00001222000FFF7C6FFA9680123002220002D
:107EE000FFF7C0FFA968012301222000FFF7BAFFB6
:107EF0002A698023E250EA683833E2502A6853073F
:107F00005B0F9101890D09040B43F821490063506F
:107F1000D300DB0F1B071001800F80060343900086
:107F2000C00F400703435200D20F92071343625819
:107F30001343802212061343635070BD10B5802294
:107F400083580324A3431943815010BD10B58A42BE
:107F500000D90131C02283580324A343194381501F
:107F600010BDC022835803218B438350704700000B
:107F700030B50025002300E00133012B06D8094A63
:107F80009C00A2588242F7D11D00F5E78D4200D92E
:107F90000131C0240359033101228A4013430351A4
:107FA00030BDC046F8A7001010B58423C258184C45
:107FB0002240C250C458813B9C430A7813079B0F50
:107FC0002343920701D008221343842283504A6836
:107FD000104B13438022520083508B68FF3A1343A7
:107FE0000432FF3283500A7803231340022B06D059
:107FF0008422815880235B040B43835010BD82226E
:108000005200815880235B020B438350F0E7C04647
:10801000FFFFFFFE0080808070B5137B88268459A7
:1080200001258D40AC438B40234383510D23D35610
:10803000002B17DB012908D0002922D1B0240359D5
:108040001F25AB4303510E0005E0B02403590E4D2C
:108050002B400351803EB02543590D241457B440A2
:1080600023434351C824035955682B430351083413
:10807000035995682B4303511368803189000B50D5
:1080800070BD0026E7E7C046FFE0FFFF10B5802087
:108090008000FFF711FB10BD10B50400FFF7F6FFDD
:1080A000A268034B5A6062681A6122685A6110BD67
:1080B00000000240844608006146FFE71FB500F05B
:1080C0008FFB002801D40021C8421FBD10B500F06D
:1080D0001BFB4042013010BD10B500F081FB0028B1
:1080E00001DB002010BD012010BDC04610B500F01E
:1080F00077FB002801DD002010BD012010BDC04627
:1081000010B500F027FB002801DC002010BD012085
:1081100010BDC04610B500F01DFB002801DA00209C
:1081200010BD012010BDC0469E2110B5C905041C1C
:10813000FFF7F0FF002803D1201C00F083FE10BDE4
:108140009E21201CC90500F0DDFC00F07BFE802391
:108150001B069C466044F2E770B500220C4B0400FD
:108160000D0001F01FFE002804D12000290001F0BD
:1081700067FD70BD064B00222000290001F0DEF9EA
:1081800001F05EFD80231B069C466044F1E7C0467B
:108190000000E041F8B54746CE464A02430245009A
:1081A000C40F500A804648005B0A000E92099446AC
:1081B00080B51E00814602002D0EDF00C90F8C42E3
:1081C00024D0281A00280EDD002A3ED16246002A5B
:1081D00000D1FDE0421E012800D137E1FF2800D187
:1081E000A9E0100039E0002863D04B46521B002D57
:1081F00000D0E0E0002F00D1CEE0531E012A00D1D4
:1082000055E1FF2A00D194E01A00D9E02A1A002A89
:1082100000DC99E0002862D0FF2D00D18BE08023A4
:108220006146DB0419438C461B2A00DCD2E00123A3
:10823000DB195A016AD50135FF2D5BD00122A34914
:108240001A405B080B4013431CE0FF2D00D172E085
:1082500080236246DB041A4394461B2800DC90E02E
:108260000123FB1A5A0151D59B019E09300001F0F0
:10827000A3FD330005388340854200DC75E0944A55
:108280002D1A13405A0704D00F221A40042A00D096
:1082900004335A013CD5681CFE2D2BD09B015E0A8D
:1082A000C0B2C0053043E4072043C0BCB946B04665
:1082B000F8BDFE206A1C104272D1002D00D0AEE045
:1082C000002F00D1ECE063460020002BE9D0FB1A20
:1082D0005A0100D4F3E063460C00DB1BD2E7614691
:1082E00000295BD0511E012A00D1A7E0FF2A22D02D
:1082F0000A0099E7FF200026D3E7FE216A1C1142FD
:1083000073D0FF2AF6D0150067447B085A07BBD10B
:10831000DB08FF2D0FD05B025E0AE8B2C1E76246C0
:10832000002A08D08022D203134204D040461042D3
:1083300001D10C004346002BDCD08026F6031E43FF
:108340007602FF20760AACE7002AD6D0421B002D29
:108350005CD0FF28EED08023DB041F431B2A00DC07
:1083600082E001234D46634463E72022401B013035
:10837000121A19009340C1405A1E934100250B4325
:1083800080E7202361461B1A994062460B00C240D9
:10839000591E8B41134364E70C0043461500B8E7B0
:1083A0006346FE1A730145D4002E00D05EE7002418
:1083B0000020002675E7FF2BBBD08023DB041F4382
:1083C0001B2A47DD012362460C004D46D31A49E7BC
:1083D00005009EE761462023D1409B1A62469A40E1
:1083E00013005A1E93410B4322E7002D46D1002F64
:1083F00062D063460020002B00D152E73B0063446B
:108400005A0183D5324A013513407FE7002FC4D08B
:10841000531E012A12D0FF2A8CD01A009EE7002F8B
:1084200000D07CE76346002B83D180260024FF2008
:10843000F60336E763460C00DE1B17E73B00634498
:1084400001255A0100D461E70225F7E663460125BC
:10845000FB1A07E720239B1A38009F403B00D040BF
:108460005A1E93410343AEE720239B1A39009F40D5
:108470003B00D1405A1E93410B4373E7002F00D1BC
:1084800058E76246002A00D155E78022D203134202
:1084900000D150E74146114200D04CE743464AE73D
:1084A0006346002B83D00C0046460020F9E6634665
:1084B0000C00DB1B0135D5E646460020F1E6002B1B
:1084C00000D023E700240026EBE6C046FFFFFF7D37
:1084D000FFFFFFFBF0B54F464646D6464502C0B506
:1084E00047000C1C6D0A3F0EC60F002F00D16FE035
:1084F000FF2F00D174E00023802299469A46ED00B8
:10850000D20415437F3F63025B0A984663001B0E4B
:10851000E40F002B4DD0FF2B45D042468021D200E6
:10852000C9041143884600227F3B3100FF1A4B46A5
:108530006140C9B20F2B00D9B8E070489B00C35806
:108540009F46002398462600454692465346022BF6
:1085500000D18DE0032B00D1A1E0012B18D03B000E
:108560007F33002B6DDD6A0704D00F222A40042AD6
:1085700000D004352A0103D5614B1D403B008033F8
:10858000FE2B00DD74E0AA01520AD8B202E00E0010
:1085900000200022C005F60710433043E0BCBA4675
:1085A000B146A846F0BD4346002B3FD10222FF3F13
:1085B00003E04346002B2DD1012231004B466140A0
:1085C000C9B213430F2B38D84E489B00C3589F465F
:1085D000002D13D104239946033B00279A4692E7C6
:1085E000002D05D108239946063BFF279A468AE7C6
:1085F0000C239946093BFF279A4684E7280001F09F
:10860000DBFB7627431F9D4000237F4299469A4615
:108610003F1A78E7404601F0CFFB4246431F9A409D
:1086200076235B4290461B1A00227EE703234A46CC
:108630001A439146FC33032277E70E00FF20002205
:10864000A8E70122D31A1B2BA2DC9E372A00BD40CB
:10865000DA406B1E9D4115436A0704D00F222A4061
:10866000042A00D004356A0144D50120002291E794
:10867000FF2000228EE780220026FF20D20389E718
:10868000002398468022D203154208D04346134265
:1086900005D11A4352022600FF20520A7AE78022AF
:1086A000D2032A435202FF20520A73E742466B016B
:1086B0005501AB421AD21B200022013F01261C00AB
:1086C00052005B00002C01DB9D4201D85B1B324352
:1086D00001380028F3D1581E834113431D003B008D
:1086E0007F330E00002B00DD3DE7AAE71A200122B0
:1086F0005B1BE3E7AA010020520A4BE700A8001029
:10870000FFFFFFF740A8001070B5420045024E027F
:108710004C00C30F6D0A0120120E760A240EC90FF9
:10872000FF2A06D0FF2C03D0A24201D1B54206D0C9
:1087300070BD002DFCD1FF2CFAD1002EF8D18B4258
:1087400006D00120002AF3D12800431E9841EFE70C
:108750000020EDE770B5420045024E024C00C30F09
:108760006D0A120E760A240EC80FFF2A1BD0FF2CAA
:108770000ED0002A1BD1002C01D1002E1CD0002DC0
:108780000CD083421CD00221581E0840013870BD15
:10879000002E22D1002AF4D1002DF2D10028F6D1EA
:1087A00001204042F3E7002D17D1FF2CF0D0002C20
:1087B000E7D1002EE5D1E6E70020002DE7D0E2E783
:1087C000A24205DCEADBB54202D8E7D30020DEE7AF
:1087D0004342584140000138D9E702204042D6E7E1
:1087E00070B5420045024E024C00C30F6D0A120ED6
:1087F000760A240EC80FFF2A0BD0FF2C0DD0002ABA
:108800001FD1002C16D1002E14D10020002D10D025
:1088100009E0002D0CD1FF2C13D1002E08D1002A25
:1088200008D0834212D00221581E0840013800E0CF
:10883000022070BD002DF4D10028FAD10120404261
:10884000F7E7002CEDD1002EEBD1ECE7A24205DCDE
:10885000F2DBB54202D8EFD30020EAE743425841A9
:1088600040000138E5E7C04643025B0AF0B54F46D9
:1088700046469946D646C30F45009846C0B54B4676
:108880000F1C2D0E00D1CBE0FF2D00D1CFE08022B8
:10889000DB00D2041A430023914600269A467F3D0E
:1088A0007C027B00640A1B0EFF0F002B00D1A9E0A5
:1088B000FF2B11D08022E400D204144342467F3BB8
:1088C0005B197A400020D2B25D1C0A2E13DD3A00FB
:1088D0000B2E47D047463FE02B00FF33002C1ED124
:1088E00002221643424601357A40D2B2FF350A2EA3
:1088F00000DDE4E00220022E1CDC013E012E42D805
:1089000002283DD0012866D100200021C00508437F
:10891000D2071043E0BCBA46B146A846F0BD0322D8
:108920001643424601357A40D2B2FF350A2E00DDA9
:10893000E4E003200121B140A626F60031420AD12D
:108940009026B600314216D1B93EFF3E0E421AD0F3
:10895000A146824600E0170053463A00022B0FD092
:108960004C4650460328CDD18021C90321434902FA
:10897000FF20490ACAE780210022FF20C903C5E77A
:10898000FF200021C2E7200C49462404240C2700C4
:108990000E0C0904090C74434F4346434843390CF9
:1089A000001909188C4203D980204002844666448D
:1089B0003F0408043F0CC0198401671EBC41090C28
:1089C000800E8919044389010C43090171D50123E3
:1089D00061081C400C432B007F33002B51DD6107E5
:1089E00004D00F212140042900D00434210103D5F3
:1089F000434B1C402B008033FE2BC1DCA101490AF4
:108A0000D8B283E7002C2CD1012342461E432B0011
:108A10007A400120D2B25D1C0A2E00DD57E76AE7DA
:108A2000002B10D10123042600259A4638E7002B9D
:108A300004D102230826FF259A4631E703230C269A
:108A4000FF259A462CE7484601F0B6F94A46431FEF
:108A500076259A4000236D42914600269A462D1AAB
:108A60001EE7200001F0A8F94246431F9C402B1A44
:108A7000763B7A400020D2B25D1C0A2E00DD26E74C
:108A800039E70121CB1A1B2B00DD3DE79E35210084
:108A9000AC40D940631E9C4121434B0704D00F23B7
:108AA0000B40042B00D004314B0104D501200021E0
:108AB0002CE71D008FE789010020490A26E70223E1
:108AC0000F2E0CD180214B46C9030B420DD00C4216
:108AD0000BD1214349023A00FF20490A16E70B2E29
:108AE00000D0F7E6A1469A4636E780214B46C903F7
:108AF000194349024246FF20490A07E70323DFE7FB
:108B0000FFFFFFF7F0B5C64643025B0A4500DA00F7
:108B1000C40F48024F009446420A1E00904600B51A
:108B20002D0E3F0EC90F8009FF2F59D00122514051
:108B30008C4239D0EA1B002A58DD002F68D0FF2D67
:108B400000D1D1E08023DB0418431B2A00DCE3E0E2
:108B500001236246D31A5A0100D4ACE09B019E095E
:108B6000300001F029F9330005388340854200DCEC
:108B7000C6E0B24A2D1A13405A0704D00F221A40F9
:108B8000042A00D004335A0100D497E06A1CFE2D59
:108B900000D184E09B015E0AD2B2D0053043E407E5
:108BA000204380BCB846F0BDEA1B002A41DD002FFF
:108BB0006BD0FF2D00D197E08023DB0418431B2AE4
:108BC00000DCCCE0012363445A0174D50135FF2D4C
:108BD00065D001229A491A405B080B401343CBE74A
:108BE00000281FD08C4222D02A00FF3A002A35D01C
:108BF0007A1B002D00D099E06346002B00D1DDE008
:108C0000531E012A00D105E1FF2A6BD01A0094E01F
:108C1000002873D0511E012A00D1DFE0FF2A63D063
:108C20000A0092E701225140A14200D082E72A00C7
:108C3000FF3A002A36D07A1B002D00D1AAE0FF2F80
:108C400000D1DAE080236146DB0419438C461B2AFD
:108C500000DCD4E001233D001B18B5E7FE276A1CA9
:108C6000174271D1002D00D09EE06346002B00D149
:108C7000D5E00022002800D18FE71B1A5E0100D446
:108C8000D6E063460C00C31A76E7002836D0511EA2
:108C9000012A00D19AE0FF2A26D00A008FE7FF229E
:108CA00000267AE7FE276A1C174262D0FF2AF6D018
:108CB0001500604443085A0700D05FE7DB08FF2D2A
:108CC00012D05B025E0AEAB267E76246002A00D170
:108CD00093E0002808D08022D203134204D04046FB
:108CE000104201D10C004346002BD8D08026F60359
:108CF0001E437602FF22760A4FE743461500DEE761
:108D00002022401B0130121A19009340C1405A1E04
:108D1000934100250B432FE720239B1A0100984025
:108D20000300D1405A1E93410B4312E7FF2FD9D0C5
:108D300080236446DB041C43A4461B2A52DD012326
:108D40000C003D00C31A06E763461E1A730139D4AE
:108D5000002E00D004E70024002200261DE7202377
:108D60009B1A010098400300D1405A1E93410B43C7
:108D700029E7002DA9D16346002B56D000220028F8
:108D800000D10AE7030063445A0194D52B4A013508
:108D9000134090E76346002BAFD0531E012A15D035
:108DA000FF2A2AD01A0052E76246002A91D10028F1
:108DB00098D180260024FF22F603EEE60C004346FD
:108DC00015007CE763460C00C61AC9E6030063443D
:108DD00001255A0100D46EE70225FAE66346012513
:108DE0001B1AB8E664462023D4409B1A62469A4078
:108DF00013005A1E93412343A2E7434674E761469A
:108E00002023D1409B1A62469A4013005A1E934178
:108E10000B4320E763460C000125C31A9BE600289C
:108E200099D00C0046460022B7E646460022B4E63A
:108E3000002B00D03FE700240026AEE6FFFFFFFB3B
:108E4000FFFFFF7D41024200C30F490A0020120EBE
:108E50007E2A03DD9D2A02DD094A9818704780208A
:108E600000040143952A07DC9620821AD14048422B
:108E7000002BF3D10800F1E7963A9140F7E7C0469E
:108E8000FFFFFF7F70B5002813D0C317C5185D40E2
:108E9000C40F280000F090FF9E2301001B1A962BA0
:108EA0000FDC082831D008398D406D026D0AD8B228
:108EB00002E0002400200025C0052843E4072043E9
:108EC00070BD992B0CDD0522121A2800D04002003B
:108ED00008001B3085402800451EA84102431500AC
:108EE000052916DC2A000F4802406E0709D00F261C
:108EF0003540042D05D00432550102D59F23024090
:108F00005B1A9201550AD8B2D6E76D0296206D0A17
:108F1000D2E74A1F95402A00024802406E07F0D06F
:108F2000E5E7C046FFFFFFFB70B5041E0ED000F062
:108F300043FF9E2301001B1A962B0CDC08282CD023
:108F400008398C406402640AD8B201E00020002491
:108F5000C005204370BD992B0ADD020020001B32A2
:108F600090400200501E82410520401AC440144324
:108F7000052916DC22000F480240650709D00F259D
:108F80002C40042C05D00432540102D59F2302400A
:108F90005B1A9201540AD8B2DAE764029620640A96
:108FA000D6E74A1F94402200024802406507F0D0ED
:108FB000E5E7C046FFFFFFFBF0B54546DE465746F6
:108FC0004E46E0B51F000B031B0B9B464D00CB0F1D
:108FD00004009146984687B06D0D00D1CDE1CE4B8F
:108FE0009D4200D1E9E15A46430FD200134380224B
:108FF00012041A43C3009A46C84B93469C4600236A
:109000000026654400933C037B004846240B5B0D1F
:10901000FF0F002B00D189E1BF4A934219D0420FC4
:10902000E4002243802424041443BC4A00219446D3
:10903000424663445B190193019B7A400133C000AF
:10904000D2B202930A2E1CDD3A000B2E5ED04746A8
:1090500056E04946B04B2143EB18019300292AD131
:109060008020022200012B008446164342466344BE
:109070007A40D2B202930A2E00DD31E200200024B1
:109080000221022E26DC013E012E52D802294CD0AC
:10909000012900D018E10023002400251B052343EB
:1090A000D20713432800190007B0F0BCBB46B246F4
:1090B000A946A046F0BD8021032209012B008C4661
:1090C0001643424663447A40D2B202930A2E00DD30
:1090D00028E203210125B540AC46A6266346F600EA
:1090E000354033420BD19026B600334218D1B93EF9
:1090F000FF3E1E421DD0A3468246009100E01700AD
:1091000000993A00022910D05C4650460329BFD18D
:1091100080231B031C43240305007F4B240BBDE766
:10912000802400227C4B2403B8E7002400257A4BDE
:10913000B4E753461E04360C1F0C3300010C000428
:10914000000C4343984603007B43994633004B434E
:109150009C4643460D001B0C9A467D43CC44D444A8
:109160000095E14504D980235B0299464D44009562
:1091700063461B0C1D0063461B049C4643461B04B0
:109180001B0C9846634643440393230C98463300D4
:109190002404240C63439C4623007B4399464346A6
:1091A0005E435F434E446346B2461E0C5644B1458F
:1091B00003D980235B0299464F44330C99463B0008
:1091C0004B4405936346AC461F043F0C3604F61926
:1091D000B444634604935B461B0C9C465B461F04E9
:1091E0003F0C3B0043439946634643439A464B46F4
:1091F00060461B0C9B4648437943514459448A4579
:1092000003D980235B029A4650440B0C9A464B4686
:109210001B041B0C99463B00634309044546494423
:10922000994663465C436B439C464B461B0C9846F1
:109230006F433F1947445044BC4203D980235B022B
:109240009846C444049B009D98464544B542B641A7
:10925000734298464B461E04059B3C049946360CC7
:10926000A4194C44A14683466E18C1448E428941DC
:10927000CB445D4649426D189C42A441C1459B4187
:10928000834580418D4289415B4264421C43404298
:10929000039B4942014370023F0C1843E419471EE7
:1092A000B84164186444F60D61023043EC0D6E025F
:1092B0000C433043C90100D4F1E0012143080140CF
:1092C0000B43E007184364081549029B8C4663442E
:1092D000002B00DC97E0410709D00F210140042951
:1092E00005D0011D81428041404224180800E1015F
:1092F00006D58021C9008C460A4B1C40029B634462
:1093000009498B4200DD10E76107C50864025B056F
:109310000D43240B5B0DC1E6FF07000001FCFFFFBE
:10932000FF030000FFFFFFFEFE0700004B46234344
:1093300059D0002C00D1A3E0200000F03DFD010039
:1093400003000B391D22521A49461800D1404A46E3
:1093500008388240844010000C43744AEB1A94464B
:10936000424663440193019B7A4001330021D2B20B
:1093700002930A2E00DD67E683E65B4603439A46C6
:109380002AD05B46002B6DD0584600F015FD010039
:1093900003000B391D22521A210018005D46D140EE
:1093A000083885400A0084402A439346A2465F4D10
:1093B0000026ED1A0023009325E65B4603439A46F8
:1093C00005D100239B460233082600931BE60323A6
:1093D00082460C26009316E600239B4601330426A2
:1093E000002500930FE64246013301951E43019B81
:1093F0007A400133002400200121D2B202930A2EC8
:1094000000DD21E63DE60121C91A382900DD42E6EA
:109410001F2947DD1F2625007642F31ADD402B0069
:10942000202905D04249029D8C466544AC4020432A
:10943000411E8841184307231D00002405400342B4
:109440004AD00F2300240340042B42D0031D834243
:10945000804140422418180023023AD501230024F9
:1094600000251BE600F0A8FC0100030015312033A5
:109470001C298FDD0838002284409246A34696E7D7
:1094800000F09AFC01000300153120331C2900DC98
:1094900058E702004C46083A002094405DE7019BE3
:1094A000029311E7234B26009C460300029DCB400C
:1094B0006544AE401E430300AB40581E834130005C
:1094C0001843CC404307C7D00F230340042BBDD122
:1094D000C2E765076402240BC00800230543DDE5ED
:1094E000002502230F2E0CD180245B462403234247
:1094F0000ED021420CD10C4324033A000E4B240B16
:10950000CCE50B2E00D0A2E58B46AA460093F7E5EA
:1095100080245B4624031C43240342465546064BE5
:10952000240BBBE54D4621000323DBE70DFCFFFFC9
:109530003E0400001E040000FF070000F0B557467F
:109540004E464546DE46E0B50D0004001900100009
:109550002B035B0A620F1A43E3000C03640A470FF4
:109560002743D04C6E00914683B04A00C000984615
:10957000A246760DED0F520DC90F0190A24200D107
:10958000B9E0012461408B468D4200D18DE0B41AD0
:10959000A446002C00DCB7E0002A00D1CBE0C14A91
:1095A000964200D186E18022120417436246382A8F
:1095B00000DDA4E11F2A00DD1DE2614620223C00FF
:1095C000521A010090409440421E90416246A046CB
:1095D0006446D7404A46E1404446D21B91460C437C
:1095E00004431C1BA34292414B4652429B1A9A468B
:1095F00053461B0200D42BE153465A02530A9A46A3
:109600005346002B00D166E1504600F0D5FB030025
:10961000083B20222000D21A5146D0409940020037
:109620009C400A439E4200DD64E19B1B591C1F299C
:1096300000DDFEE02023100026005B1A9C409840CD
:10964000CE40CA40631E9C413043924600260443EC
:10965000630709D00F232340042B05D0231DA34209
:10966000A4416442A2441C0053461B0200D4F2E011
:109670008C4B01369E4200D10FE153468A49E408E3
:109680000B4019005B07234372054C02240B520D5B
:1096900012052243ED072A431800110003B0F0BC65
:1096A000BB46B246A946A046F0BDB41AA446002C5B
:1096B00059DD002A00D1B0E0564500D1FAE0802201
:1096C000120417436246382A00DDD4E01F2A00DC6A
:1096D000C0E13900203AD1406246202A06D06446D3
:1096E0004022121B3C00944004430194019C621EE2
:1096F00094410C43C3E03C0004432BD08B468D4285
:109700002ED06A4CA446B4446446002C5FD0941B0F
:10971000A446002E00D020E14C461C4300D1C7E1F6
:1097200061464C1E012900D123E25E4DAC4500D1BB
:10973000D8E1A4461AE13A00024300D1E4E0220055
:10974000013A012C00D1C3E156498C4200D1B1E06D
:1097500094462BE7012461408B468D4200D016E7EA
:1097600052498C46B4446446002C00D1D3E0911B8E
:109770008C46002E00D15EE14A498A4200D1BEE10A
:1097800080214C4609040C43A1466146382900DD7E
:10979000BAE11F2900DD27E22024641A4946A140CE
:1097A0001E0088466146A340CE4041465C1EA34150
:1097B000314319430C0063464946D9407F182418A9
:1097C00084429B415B429A461600BA445DE0384CA5
:1097D000721C224200D0DFE04A461A43002E00D01D
:1097E0005CE1002A00D1CFE13A00024300D17FE1E1
:1097F0001C1A4A46A3428941D21B4942521A924638
:10980000120200D40AE2C41AA04280414B464042F0
:10981000FF1A3B1A9A465D461AE73A00024373D094
:109820002200013A012C00D1CBE0544542D09446AD
:1098300048E710001F3BD840202903D040235B1A83
:109840009A401443631E9C41002300269A46044319
:10985000630700D0FEE65246E30852071343524620
:10986000B446D2080F498C452AD01203140B624625
:109870005205520D0CE73C000443621E9441E4186B
:109880009C42924152424A44924653461B02DFD5C3
:10989000044B01369E4200D0A0E032000024002399
:1098A000F6E6C046FF070000FFFF7FFF01F8FFFF5D
:1098B000FE070000DB084A46520713434A46D20817
:1098C0001900114300D1B5E180242403144324037B
:1098D000D54A240BDCE6200000F06EFA03001833B2
:1098E0001F2B00DC95E622000838824000249E42AF
:1098F00000DC9AE6F61ACD4B1A409246A8E63C00E8
:109900000443621E94416CE64A46DB085207134347
:109910004A46D208A6E7C64C721C224200D0ACE0F0
:109920004A461A43002E00D005E1002A00D156E134
:109930003A00024300D1DBE01C189C429B414F449B
:10994000BA465B429A4453461B0200D480E7524613
:10995000B64B01261A4092467AE7B34CA24200D198
:10996000C0E080244D4624042543A9466446382C93
:1099700053DC61461F2C00DDCDE020251E002D1B91
:109980004C46AB40AC40CE405D1EAB41344323431C
:109990004C46CC403F1B45E04A461C1AD11BA34213
:1099A0009241524292460A005146521A924612027F
:1099B00000D583E05346234300D021E60022002552
:1099C00053E71C189C429B414F44BA465B429A4461
:1099D000534601261B0200D43AE702265246934B17
:1099E00001211A401300214062080A43DC075B088A
:1099F0009A4614432CE63900203AD1406246202A88
:109A000006D064464022121B3C009440044301945B
:109A1000019C621E94410C43E3E5494619430B0047
:109A20005C1EA341C41AA0429B415B42FB1A9A46AA
:109A30005D461600DCE54946194300D1AEE06146BB
:109A400064460139012C00D1E0E0774CA44556D0A2
:109A50008C469AE6614620223C00521A944001004E
:109A60009040A0466446421E90416246E140444612
:109A7000D7400C430443B94401E76B498A4200D103
:109A80000CE7181898429B414F445B42FB18DC07D7
:109A900040085B089A4616000443D9E6002A00D025
:109AA00081E03B0003431DD18022002512030BE718
:109AB000C0087B075D460343FA08D3E6C41AA042F8
:109AC00080414B464042FF1A3B1A9A465D4697E555
:109AD0001C1A4A46A3429B41D71B5B42FB1A9A467B
:109AE000012685E5C0087B075D460343FA08E7E6E3
:109AF0004A46DB08520713434A46D208B5E6C00877
:109B00007B070343FA08DBE6494619430B00591E5D
:109B10008B411C0053E64D46203CE540202905D0F2
:109B20004024641A4946A1400B43984643465C1EB4
:109B3000A3412B4376E7002AE1D03A00DB08024339
:109B400000D1B8E64A465207802413434A4624030C
:109B5000D208224207D0FE08264204D15D463200D8
:109B6000C3087F073B43590FDB004907DB080B4362
:109B7000A6E6C41AA04280414B464042FF1A3B1A57
:109B80009A465D46012633E53B00034300D115E7C5
:109B9000C0087B075D460343FA0866E6C0087B07FA
:109BA0000343FA085EE63A00DB08024300D182E68E
:109BB0004A465207802413434A462403D2082242CD
:109BC00007D0FE08264204D15D463200C3087F0755
:109BD0003B43590FDB00DB0849070B4370E6C00825
:109BE0007B070343FA0840E64C462039CC406146E7
:109BF000202906D066464021891B4E468E403343BD
:109C000098464346591E8B411C43D8E51C18844294
:109C100080414F44BA4640428244D9E653462343EA
:109C200000D1CBE614E6C046FF070000FFFF7FFF30
:109C3000FE0700000023014A1C0029E5FF07000081
:109C40000A0030B5134C530009030500090B00202E
:109C50005B0DD20FA34204DD0F48834202DD0F4BA0
:109C6000D01830BD8020400301430D48C01A1F2882
:109C700008DD0C48C31AD9400B005842002AF0D125
:109C80001800EEE7084CC540A446634499400B0019
:109C90002B43F2E7FE0300001D040000FFFFFF7FDF
:109CA0003304000013040000EDFBFFFF70B5420217
:109CB0004300C40FFE201B0E591C550A08420CD04D
:109CC000E02189008C466D07120B63441B0513438A
:109CD000E40723432800190070BD002B14D1002D88
:109CE0001BD0280000F068F80A281CDC0B232A008F
:109CF0001B1ADA40030015339D400E4B12031B1A4A
:109D00005B05120B5B0DE1E7002D09D0130B8022E0
:109D100012031A436D07084BD8E700230022D5E74A
:109D20000022054BD2E703002A000B3B9A40002596
:109D3000E3E7C04689030000FF07000084461000E7
:109D400062468C461900634600E0C0461FB500F02D
:109D5000F9F8002801D40021C8421FBD10B500F059
:109D600049F84042013010BD10B500F0EBF8002872
:109D700001DB002010BD012010BDC04610B500F071
:109D8000E1F8002801DD002010BD012010BDC04613
:109D900010B500F071F8002801DC002010BD012092
:109DA00010BDC04610B500F067F8002801DA0020A9
:109DB00010BD012010BDC0461C2101231B04984288
:109DC00001D3000C10391B0A984201D3000A08394C
:109DD0001B09984201D30009043902A2105C401803
:109DE0007047C046040302020101010100000000A7
:109DF00000000000F0B54E464546DE465746904608
:109E0000E0B517001A03120B0500844619480E032B
:109E10004C0091465A00DB0F9B46360B640DC90F70
:109E2000520D844219D0824210D0012094420ED1AA
:109E30004E450CD10120C44509D1594517D0002CFD
:109E400005D130002843431E984100E00120F0BCBA
:109E5000BB46B246A946A046F0BD330001202B43C5
:109E6000F5D1A242F3D14B463B43F0D1E2E70020CB
:109E7000EDE7C046FF070000F0B54746CE460400B8
:109E8000180016001B031B0B2D4D4A00994680B588
:109E900043000F03A446B0463F0B520DC90F5B0DA4
:109EA000C00FAA4221D0AB4213D0002A22D13C439A
:109EB000002B02D14D462E4322D0002C10D08142DF
:109EC00022D00220013908400138C0BCB946B04652
:109ED000F0BD4D462E4329D1002AF0D13C43EED1AE
:109EE0000028F2D101204042EFE73D0025431DD17B
:109EF0009342EED0002BE2D14C462643DFD1E0E77F
:109F00000020002CE1D0DCE79A420ADCE8DB4F4578
:109F1000D7D80ED000204F45D7D20029E2D0080074
:109F2000D3E74342584140000138CEE70220404287
:109F3000CBE7C445C5D80020C445C6D2EDE7C0462E
:109F4000FF070000F0B54746CE4604001800160093
:109F50001B031B0B2C4D4A00994680B543000F0391
:109F6000A446B0463F0B520DC90F5B0DC00FAA426D
:109F70000DD0AB4210D0002A27D13C43002B11D189
:109F80004D462E430ED10020002C15D00EE03D0092
:109F9000254310D1934218D14D462E430BD1002AB0
:109FA00002D13C43002C0BD0814214D00220013955
:109FB0000840013800E00220C0BCB946B046F0BD00
:109FC0000028F9D101204042F6E7002BECD14C46A5
:109FD0002643E9D1EAE79A4204DD43425841400072
:109FE0000138E9E79A42EBDB4F45DFD806D0002085
:109FF0004F45E1D20029E5D00800DDE7C445D5D8BA
:10A000000020C445D8D2F5E7FF07000003008218FE
:10A01000934200D1704719700133F9E770B50026FB
:10A020000C4C0D4D641BA410A64209D10026FDF76F
:10A0300059FA0A4C0A4D641BA410A64205D170BD02
:10A04000B300EB5898470136EEE7B300EB5898475A
:10A050000136F2E7480700204807002048070020A3
:10A0600048070020802500000008080110000000BB
:10A0700006000000F00000000401000000010000E4
:10A080000000000010000000000000700010000040
:10A09000F60000000D0100000001000000000000BB
:10A0A000050000000000000002000000F0000000B9
:10A0B0000D0000007878000000000000070100009B
:10A0C000000000000000000005000000000000008B
:10A0D00002000000F00000000D0000007878000091
:10A0E0000000000007010000000000000000000068
:10A0F000050000000000000002000000F000000069
:10A100000D0000007878000000000000070100004A
:10A1100000000000000000000100004000000000FE
:10A1200000000000F0000000070100000000000037
:10A130000000000000000000F0100000000000001F
:10A140000000000000000000F4010000000000001A
:10A1500000010000000000000000000000000000FE
:10A1600000000000000000000000000000000000EF
:10A1700000000000000000000000000010000000CF
:10A1800000000000B8000000000001001000000006
:10A1900000000000080000000000000008000000AF
:10A1A0000000000008000000000000001000000097
:10A1B0000000000010000000000000000800000087
:10A1C000000000008000000000000100A800000066
:10A1D00000000100A800000000000100B80000001D
:10A1E00000000100B800000000000100A80000000D
:10A1F00000000100A8000000000001009000000025
:10A20000000001000000000000000000000000004D
:10A2100000000000800000000000010000010000BC
:10A220000000010000000000243B00102E3B001045
:10A23000463B0010663B0010963B0010C43B0010EC
:10A24000E23B0010FE3B00102A3C00109C3F001037
:10A250002A3F0010303F0010363F00103C3F0010F6
:10A26000423F0010483F00104E3F0010543F001086
:10A2700070480010FE480010064900100E490010FA
:10A28000164900101E490010264900102E490010E2
:10A290004E490010624900106A49001072490010CE
:10A2A0007A490010824900108A4900109249001032
:10A2B0009A490010A2490010464E0010044F0010A9
:10A2C0003C4F0010624F0010744F0010B84F001048
:10A2D000CC4F0010DE4F00102A50001052500010DA
:10A2E000645000109A500010AC50001050530010F1
:10A2F0005E520010705200108252001096520010F0
:10A30000A8520010AE520010B45200105453001066
:10A31000CE520010E0520010F2520010065300100E
:10A320001A5300102C5300103E53001044530010D9
:10A330004A530010345B00107E5B0010DC5B0010A1
:10A34000485C00107A5C00100000240348066B098A
:10A350008C0CAB0FC812E215F9180C1C1A1F242222
:10A36000282527281F2B112EFC30DF33BA368D39D4
:10A37000573C173FCE417B441D47B449404CC04E2B
:10A3800034519B53F6554358825AB45CD75EEC6007
:10A39000F262E964D066A7686E6A246CCA6D5F6F6A
:10A3A000E3705572B673057542766C7785788A7955
:10A3B0007D7A5D7B2A7CE47C8A7D1E7E9D7E0A7F81
:10A3C000627FA77FD97FF67FFF7FF67FD97FA77F48
:10A3D000627F0A7F9D7E1E7E8A7DE47C2A7C5D7B77
:10A3E0007D7A8A7985786C7742760575B673557271
:10A3F000E3705F6FCA6D246C6E6AA768D066E9640B
:10A40000F262EC60D75EB45C825A4358F6559B53B7
:10A410003451C04E404CB4491D477B44CE41173F98
:10A42000573C8D39BA36DF33FC30112E1F2B2728CD
:10A43000282524221A1F0C1CF918E215C812AB0F8C
:10A440008C0C6B09480624030000DCFCB8F995F677
:10A4500074F355F038ED1EEA07E7F4E3E6E0DCDDDF
:10A46000D8DAD9D7E1D4EFD104CF21CC46C973C60D
:10A47000A9C3E9C032BE85BBE3B84CB6C0B340B196
:10A48000CCAE65AC0AAABDA77EA54CA329A1149F9A
:10A490000E9D179B309959979295DC933692A19017
:10A4A0001D8FAB8D4A8CFB8ABE8994887B8776860C
:10A4B0008385A384D6831C837682E2816381F680C0
:10A4C0009E80598027800A8000800A8027805980DA
:10A4D0009E80F6806381E28176821C83D683A3848A
:10A4E000838576867B879488BE89FB8A4A8CAB8D70
:10A4F0001D8FA1903692DC93929559973099179BB6
:10A500000E9D149F29A14CA37EA5BDA70AAA65ACE8
:10A51000CCAE40B1C0B34CB6E3B885BB32BEE9C0E7
:10A52000A9C373C646C921CC04CFEFD1E1D4D9D792
:10A53000D8DADCDDE6E0F4E307E71EEA38ED55F0B3
:10A5400074F395F6B8F9DCFC030306020501040177
:10A5500000000201040503000203020302030303D7
:10A5600004030503070308030A030C030E03100387
:10A5700012031503170319031B031C031E031F03F8
:10A580002003200320031F031E031C031A031703C9
:10A5900013030E0308030203FA02F202E802DD02CB
:10A5A000D202C502B702A8029802870275026102B0
:10A5B0004D02370220020902F001D601BB01A001C1
:10A5C00083016601480129010A01EA00C900A800C7
:10A5D00087006600440022000000DEFFBCFF9AFFF7
:10A5E00079FF58FF37FF16FFF6FED7FEB8FE9AFE3A
:10A5F0007DFE60FE45FE2AFE10FEF7FDE0FDC9FD72
:10A60000B3FD9FFD8BFD79FD68FD58FD49FD3BFDC8
:10A610002EFD23FD18FD0EFD06FDFEFCF8FCF2FCF0
:10A62000EDFCE9FCE6FCE4FCE2FCE1FCE0FCE0FC27
:10A63000E0FCE1FCE2FCE4FCE5FCE7FCE9FCEBFC13
:10A64000EEFCF0FCF2FCF4FCF6FCF8FCF9FCFBFC84
:10A65000FCFCFDFCFEFCFEFCFEFCFEFCFEFCFDFC2E
:10A66000FCFCFBFCF9FCF8FCF6FCF4FCF2FCF0FC56
:10A67000EEFCEBFCE9FCE7FCE5FCE4FCE2FCE1FCC5
:10A68000E0FCE0FCE0FCE1FCE2FCE4FCE6FCE9FCD4
:10A69000EDFCF2FCF8FCFEFC06FD0EFD18FD23FDB2
:10A6A0002EFD3BFD49FD58FD68FD79FD8BFD9FFDAD
:10A6B000B3FDC9FDE0FDF7FD10FE2AFE45FE60FE7C
:10A6C0007DFE9AFEB8FED7FEF6FE16FF37FF58FF56
:10A6D00079FF9AFFBCFFDEFF000022004400660005
:10A6E0008700A800C900EA000A01290148016601A3
:10A6F0008301A001BB01D601F0010902200237024B
:10A700004D026102750287029802A802B702C502D3
:10A71000D202DD02E802F202FA02020308030E038B
:10A72000130317031A031C031E031F032003200334
:10A7300020031F031E031C031B0319031703150328
:10A74000120310030E030C030A0308030703050397
:10A7500004030303020302030504000503050504C3
:10A76000040505010502040500000000000080400A
:10A770000000004100006041000098410000B84125
:10A780000000C8410000D8410000F401E803D007F0
:10A79000B80BA00F5C127C15DE780010DE7800107C
:10A7A000F4780010F47800100C7900100C79001087
:10A7B0000C7900100C790010EC780010E47800108F
:10A7C000FA780010FA780010367A0010367A001005
:10A7D000527A0010527A00104C7A00104C7A001015
:10A7E0006A7A00106A7A0010447A00103C7A0010ED
:10A7F000587A0010587A00100004034800080348F3
:10A80000AC8600103A8600108E8500104685001038
:10A810008E850010768600108E850010468500100B
:10A820003A8600103A8600107686001046850010A1
:10A830004C8500104C8500104C850010848600105B
:10A840003A8600103A8600108E850010428500106E
:10A850008E850010768600108E85001042850010CF
:10A860003A8600103A860010768600104285001065
:10A870004C8500104C8500104C850010808600101F
:10A880002C48874600000000000000000000000087
:10A8900000000000000000000000000000000000B8
:10A8A0002548874600000000000000002348874636
:10A8B00023488746234887462348874623488746B8
:10A8C00023488746234887462348874623488746A8
:10A8D00023488746000000002248874622488746D2
:10A8E000224887462248874622488746224887468C
:10A8F000224887462248874622488746224887467C
:10A90000224887462248874622488746224887466B
:10A91000224887462248874622488746224887465B
:10A9200022488746224887460000000000000000B9
:10A9300020488746A3100010A3100010A310001099
:10A94000E1710010A3100010A3100010A31000105C
:10A95000A3100010A3100010A3100010A3100010EB
:10A96000A3100010A3100010A3100010A3100010DB
:10A97000A3100010A3100010A3100010A3100010CB
:10A98000A3100010A3100010A3100010A3100010BB
:10A99000A3100010A3100010A3100010A3100010AB
:10A9A000A3100010E10A00208D07002049070020B5
:08A9B000A3100010A310001019
:10A9B800000000000000000000000000000000008F
:10A9C8000000000008000000000400000000000073
:10A9D8000000000001030000000401000000000066
:10A9E8000000000001010000000407000000000052
:10A9F8000000000000FF0000000000000300040049
:10AA08000300040000000000000000000004000033
:10AA18000000000000000000010300000004010025
:10AA2800000000000000000001040000000407000E
:10AA3800000000000000000000FF000040020600C7
:10AA4800000000000100000000FF000000000000FE
:10AA580003000400030004000000000000000000E0
:10AA6800A0000000210000002700000026000000D0
:10AA78000D0000000049000004000000060000006E
:10AA8800001A0000000000000000000000000000A4
:10AA9800002300144300C201FA0002140A1912002C
:10AAA800F401F4010A231E645A00000033338B407A
:10AAB8003333834033338340666676406666664048
:10AAC80066665640F6287C40D7A3704066666640A6
:10AAD800F6285C40D7A3504066664640980819019E
:10AAE800010101000100000000000301090A000043
:10AAF800FA0019010137B0415F00000100010000B0
:10AB080032001E01003232323232320203020302B4
:10AB1800030032006400A0000401325078A05064A1
:10AB280082A03C648CB41E23282D3C003C0F1215D7
:10AB380018000A96060000FF0101001414242200E0
:10AB480000000000010123000104043C001302007E
:10AB580000000000BB00A000AE1000004000000094
:10AB680000E1F5058FC10101024949C2C2960114ED
:10AB7800FEA528280008000800088000FFFFFFFF46
:10AB88000100000000180042006B009800C300EBB1
:10AB9800002A0029002D002B0028002D000010009D
:10ABA800000010000000100040FF580149C20000DA
:10ABB80010B50C4B196F0C4B5A6A900801230340CF
:10ABC8005008400002242040034392000420024021
:10ABD80013431B0489B20B43044A1360044B01223C
:10ABE8001A7010BD000204480001044098170020A4
:10ABF80097170020F0B5DE4657464E464546E0B565
:10AC080083B0A44B1B6F9BB20193A34A1368013313
:10AC18001360A24B5A6A120901231340A04A127802
:10AC2800002A05D1002B03D09B4A11689D4A116068
:10AC38009B4A137099494B6A5B0901221340496A80
:10AC4800490B0A4052001343974A127893420CD09A
:10AC580092001A430F210A409449895C8E4A106871
:10AC6800934A89008850904A1370A023DB0512226A
:10AC7800FF321A618F4BF032FF329C582405240DA5
:10AC88008D498D582D052D0D04329E583605360DEB
:10AC98008A4B1B88E41AE400894B1B88ED1AED00E7
:10ACA800884B1B88F61AF60063199B19864F5F4379
:10ACB800BF13E01B0090EB1B9A46F71B834B1860F1
:10ACC800834B50461860834B1F608A58D200824BD2
:10ACD8001A40824B1A60824B9846196881488B004B
:10ACE80099461B589B46804B9C461B685C461B1B21
:10ACF800644623604C4622509B186246136001311B
:10AD08003F220A4041460A6020339B11FF2252012C
:10AD1800934200D913005B09DBB2744A1370009B9D
:10AD2800DB105B439B465346DB105B4399461A0096
:10AD3800FB105B43984619006D4B9B4503D89A421C
:10AD480001D8994207D96B4B01221A7000F020FDF7
:10AD5800694B00221A7069490B685A46D31A1B12AC
:10AD68000A689B180B60664A13684846C31A1B1288
:10AD780010681B181360634803684446E31A1B12E3
:10AD88000468A446634403600B6812689B18026851
:10AD98009B185D4A1360514B1A68F3235B019A4272
:10ADA80000D96DE0009B5C005744E31B464C5C43B4
:10ADB800A413AE1B554D7543AD13554B1B781B02A1
:10ADC800544A12889B189BB224B22DB21B0A180051
:10ADD8004030FF210140504E5B00985F49008E5F74
:10ADE800310061438023DB019C466144C91389B269
:10ADF80003006B436344DB139BB2C91809B22B00F1
:10AE080073436344DB139BB260436044C01380B256
:10AE18001B1A1BB24148007800280CD0404C20680F
:10AE2800081820603F4C2068181820603B4C207898
:10AE38000138C0B220703C4802603C4A11603C4A6C
:10AE48001360144B1B6F9BB2019A9B1A9BB2394A31
:10AE580012889A4201D9374A1380374A12889A428F
:10AE680001D2354A1380354B1B6F1B041B0C344A27
:10AE7800136003B0F0BCBB46B246A946A046F0BD7D
:10AE8800304B01221A7000F083FC1B4B00221A7011
:10AE980088E7C04600020448B818002000000440B3
:10AEA8000A180020BC1800200718002058A7001016
:10AEB8008818002000080348000403480C070020F5
:10AEC8000E0700201007002055150000401700202D
:10AED8004417002048170020F8FF0700001800203A
:10AEE800241700202416002028170020041800200A
:10AEF80000904C006D17002006070020F417002072
:10AF0800F8170020FC170020F0170020F324000099
:10AF180012070020E817002048A30010400700206F
:10AF2800A0170020A4170020381700206017002061
:10AF38006417002016070020AA17002000040050FC
:10AF48005C1700206C170020F0B5DE4657464E46C9
:10AF58004546E0B585B0D64B1C78D64B1E78F6B280
:10AF6800D54B1F68D54B1D6FABB20093D44B1B6FED
:10AF78001B041B0CD34A1360D34B1B78002B29D11D
:10AF8800002E00D12CE1CB4B00221A70BBB29846A0
:10AF98003F023B0E99461C00CC4B1B5DCC4A1370FC
:10AFA800CC4A5900895ACC4A1180002B3ED0013B2B
:10AFB800DBB20193C94A019B1370C94AC94800789A
:10AFC800165CC94A1278002A40D0A64231D0002027
:10AFD80000223DE0BC4A00231370C34A1370C34AE1
:10AFE8001380C34B00221A70C24B5B6A9A08012473
:10AFF80014405A08520002210A4014439B000422BC
:10B0080013401C43B14B1B5DB14A1370B14A590040
:10B01800895AB14A1180002B06D0013BDBB2AF4AF6
:10B02800137000F0ADFBABE70523F8E705230193A8
:10B03800C0E7B14A128843469A1A92B2002A00D150
:10B048000132AE480088081A80B201E000200022D0
:10B05800D0277F00BA427FD39446A94F04237B634D
:10B06800A84B3B626346002B7AD0E246A44F534676
:10B078007B62A54FB9837B69BB61A64200D091E092
:10B088002C23FD5C092D6ED9A04FBC4500D969E180
:10B098009D4F3B6802931F0CCB1B9B4680273F02AA
:10B0A800BB4202DB9A4B9A46D3449A4FBB4503DA1C
:10B0B80080235B029A46D344974FBB4500DC62E18C
:10B0C800964F5F443F04904B5F62FF081F62012761
:10B0D8009F77914B9B465B465F01FF1ABF005F4419
:10B0E800BB001D0032275B467B439A46864B9B4636
:10B0F8001F6957441F618A4B9F4200DC52E15F463B
:10B108003B61814F3F69AA465744FB1203937C4F2A
:10B11800BD6A03006B439A46824B9A4500D99A460A
:10B12800794B5746DF60804B9C4500D941E1039B32
:10B138001B1800D54CE19C4667466F43794B9F42EC
:10B1480000D91F00704B9C469F60029F774B9A4620
:10B15800574463465F6025E0D0235B009C467CE74C
:10B1680001239A4682E7724B9A468A4453461B0447
:10B178009A463B00BC4657461F606C4B9B46DA44D8
:10B18800634657465F6000239A46634657469F606A
:10B198001F616F1C2C239B4663465D465F555546D1
:10B1A800DD609D77544F43463B804E4F4B463B7086
:10B1B800524F39804C4901270F7017005D490A60CA
:10B1C800410009180801401AC100090C5A480160D9
:10B1D800A64200D103E1594B1B78012B00D1FAE0BC
:10B1E800334B1C70484A53690133536192699A1A68
:10B1F80053498A4200D929E1434B99689B7F012B27
:10B2080000D139E1022B00D144E13F4B5A681B6859
:10B21800D01A884200D84BE15B18991A002900DC43
:10B2280048E1394B1A60384B5A88464B1A80454BCF
:10B238001B88454A12781202D21892B2434B1B88D7
:10B248009B189BB21B0A294A118880311A00553A6B
:10B25800D2B23F485200125E09124A431212D22457
:10B26800A400A44662443B4CE2635A00125E4A437F
:10B2780012126244384CE2635533DAB25200135E5C
:10B288004B431B126344354AD3630D4B1B6F1B049E
:10B298001B0C334A1360294B1B78052B00D10CE19A
:10B2A80005B0F0BCBB46B246A946A046F0BDC046B4
:10B2B800051800209717002098170020000204485E
:10B2C80000040050581700201807002050A500104F
:10B2D800061800201C070020EA1700200918002083
:10B2E80048A50010081800200B1800207818002026
:10B2F800CC18002000010440EE170020EC170020B5
:10B3080000000340AFA13400AC1700208D200000DE
:10B318000000FFFF0080FFFF380E0000C8F1FFFFAC
:10B3280000E02E0000801A06881300000000C731D4
:10B3380055150000681700203C17002096170020BC
:10B34800B60300006E1700209C170020821800200A
:10B3580058A50010000100500002005000030050E2
:10B36800541700205F4BCF183B049C465E4F3B6050
:10B378005E4B9A46D44463467B600023BB603B61C6
:10B38800FB60BB770EE75A4FBB4507DA5B46FF1AEF
:10B398003F04554B9F6202279F779CE6524F00233C
:10B3A800BB7798E6534B9F4200DBAAE64E4F3B61C2
:10B3B800A7E60F044C4B9C461F604C4B9B465F44D2
:10B3C80063465F6055469D6000271F619F77E9E6E9
:10B3D80000239C46B0E6484B00221A7000E7464915
:10B3E8000978002918D14548824215D8424B0122D4
:10B3F8001A70434B9622D2001A80009D08E0414BF8
:10B4080088000022C250404B4800C2520131C9B2E4
:10B418000529F4D90095E3E6012900D0E0E6394989
:10B42800019B98004258D2194250374A5B00995AFA
:10B4380001319952324A1388013B9BB21380002B89
:10B4480000D0CDE62C4B02221A70C9E6264A918B11
:10B4580024488446614409041160244884466144B0
:10B4680051600021916011612C20115493619177F2
:10B47800516211629162DAE61B4B1A6A89185B6A9B
:10B488009A4203D218489B1A4362BEE6164B002222
:10B498009A77BAE6144B9B6A994204D2124A5B1A0D
:10B4A80093620021B1E6104B00229A770021ACE6A6
:10B4B8001300B2E60C4A1360B5E6144B1B6F9BB23F
:10B4C800009A9B1A9BB2124A12889A4201D9104AD2
:10B4D8001380104A12889A4200D3E1E60D4A13807D
:10B4E800DEE6C04655150000AC1700200000C73145
:10B4F800C8F1FFFF0020D1FF961700208713000036
:10B50800941700207C1700207017002000020448C0
:10B5180014070020A81700202B4A536901335361F0
:10B5280092699A1A29498A420ED8274B99689B7FB3
:10B53800012B1FD0022B2BD0234B5A681B68D01A23
:10B54800814233D25B1832E01F4A918B20488446EF
:10B558006144090411601F48844661445160002118
:10B56800916011612C20115493619177516211629D
:10B57800916225E0144B1A6A89185B6A9A4203D2D1
:10B5880011489B1A4362D7E70F4B00229A77D3E7FB
:10B598000D4B9B6A8B4204D90B4A5B1A93620021BC
:10B5A800CAE7094B00229A770021C5E71300991AC8
:10B5B800002906DD044B1A60034B5A88064B1A8093
:10B5C8007047014A1360F7E7AC170020B603000084
:10B5D800551500000000C7316E170020F0B5D024C3
:10B5E8006400A04200D22000564C04256563564DE5
:10B5F8002562002801D0050000E00125514C656254
:10B60800524CA1836569A561002B68D023002C24C6
:10B618001B5D092B51D94E4B984261D84B4B1E6884
:10B62800330CCB1A80242402A34202DB494CA446E3
:10B638006344494CA34203DA80246402A446634469
:10B64800464CA3425CDD464CA44663441B043F4C75
:10B658006362DB0823620123A377404B5C01E41A91
:10B66800A400E418A70032256B43384C25695B1900
:10B6780023613C4CA34251DD344B1C61334B1C69A4
:10B68800E419E4122F4B9B6A1D005543364FBD4207
:10B6980000D93D002D4FFD60344FB84244D81219EF
:10B6A8004ED45343304A934200D91300274A93603B
:10B6B8002F4B9C466644566011E02E4A94466144DE
:10B6C8000904224A11602A488446614451600021D5
:10B6D8009160116101332C201354D1609177F0BD32
:10B6E800244B9C4661440904184B1960204A94462F
:10B6F8006144596000229A601A61DA609A77EEE72D
:10B70800174CA34206DAE41A2404104DAC62022452
:10B71800AC77A3E70D4C0025A5779FE7164CA3420D
:10B72800ACDA0A4B1C61A9E70904084B1960104AF6
:10B738009446614459609D6000221A619A77CEE769
:10B748000022AEE700000340AFA13400AC17002090
:10B758008D2000000000FFFF0080FFFF380E000072
:10B76800C8F1FFFF00E02E0000801A0688130000D1
:10B778000000C731551500000020D1FF000000006F
:10B7880001B40248844601BC604700BF1D6B00102D
:10B7980001B40248844601BC604700BFD56A001066
:0400000510001019BE
:00000001FF
