:020000041000EA
:10100000480500201910001000000000A310001077
:1010100000040100000100001249134A134B00F0C4
:101020001AF8134880471349134A144B00F013F879
:101030001349144A144B00F00EF81449144A0020C6
:10104000521A02DD043A8850FCDC124880471248EC
:101050008047124880479B1A03DD043BC858D05094
:10106000FBDC7047ECA700100C00002044010020BE
:101070005174001024A900104805002048070020E2
:1010800024AB00104807002018130020181300207C
:10109000B0180020A1100010959F00107566001078
:1010A0007047FEE710B582B06B46354ADA80354BA3
:1010B000354A1A60354B0121C022520099508020D8
:1010C0001A58334C22401A508022120231480260D2
:1010D00031480260812292009950304A8423802155
:1010E000C904D1501DE029498122920088588023EB
:1010F0009B0003438B50294AFC235B00D358002BF1
:10110000F9D0C0239B00D358009380231B02214AAF
:101110001360214A13606B469A1DDB88013B9BB22A
:1011200013806B4606331B889BB2002BDBD1009BE0
:101130000023009305E080231B02164A1360164A21
:101140001360174B1B6C1B0FF5D1104B80215858A7
:10115000C022920202435A5000228531FF315A5078
:1011600084395A500D4B9532FF328039FF399950EE
:1011700083315A580B4802405A5002B010BDC04645
:1011800050460000BC4003480004103F00000348E4
:10119000FFFFFC7FE0400348E440034800040348AD
:1011A00000400348FFFFFFFB00B583B00023124A55
:1011B0001360124A13600321114806F07BFE1149A7
:1011C00080228858104B03438B501423019308E06E
:1011D000019B013B019380231B02074A1360074ACE
:1011E0001360019B002BF3D1FFF75CFF0021044843
:1011F00006F060FE03B000BDE0400348E440034851
:1012000000040348000003480000018070B584B06A
:101210005249534806F0C6FD5249534D280006F086
:1012200009FE5249524C200006F004FE032128001A
:1012300006F040FE0321200006F03CFEFFF7B4FF5D
:101240004C49200006F06CFE82225200A1588023F7
:10125000DB000B43A350464A84235B00D3589B0614
:10126000F9D5140082256D0053590326B343535119
:1012700053590122134363513F4B1A6888235B0083
:10128000E2503E4A1268E2503D4A1268E2503D4A3E
:101290001268E2503C4A0021200006F079FE3B4AE9
:1012A0000121200006F074FE394A0721200006F0D3
:1012B0006FFE384A0621200006F06AFE01AC0C22BF
:1012C0000021200008F05EFE2378B343012213437F
:1012D0002370DBB20C2213432370234E2100300015
:1012E00006F01EFE72598023DB00134373511E4A21
:1012F00084235B00D3589B06F9D5140088235B0038
:101300002022E2500132E2500632E250224A00210D
:10131000200006F03DFE214A0121200006F038FEA3
:101320001F4A0721200006F033FE00220121200081
:1013300006F0C8FD0021200006F0D6FD0C4D280067
:1013400006F0CBFD8423E158802252041143E15082
:10135000E9580A43EA5004B070BDC0464805002071
:10136000000003489005002000040348E405002025
:101370000008034808060020F8050020FC050020AE
:101380000006002004060020A4050020B40500206B
:10139000C4050020D4050020600500207005002051
:1013A0008005002010B500F007F800F029FA10BD04
:1013B00010B5FFF7F7FF10BDF0B5DE4657464E46B5
:1013C0004546E0B585B0DB4D0021280006F0AEF9BA
:1013D00080235B009A46EB60D749D84E300006F078
:1013E000BFF90523F363053373638021C904280023
:1013F00006F0AEF9072399462B61D14A012130004E
:1014000006F0EFF9CF4A0221300006F0EAF9CE4AA1
:101410000321300006F0E5F901220121300006F039
:10142000C5F901220221300006F00EFAA427F35973
:1014300004221343F35101239B46EB6000243467DD
:10144000F360C249C24E300006F0A1F9C14B73638C
:1014500080210905280006F07BF970232B61BE4A24
:101460000121300006F0BDF9BC4A0221300006F02F
:10147000B8F9BB4A0321300006F0B3F9012130006E
:1014800006F0A8F902218846E96034675946F16000
:10149000B449B54E300006F063F9A023F363B34BB3
:1014A000736380218905280006F052F9E021C90103
:1014B0002961AF4A0121300006F093F9AD4A0221BB
:1014C000300006F08EF9AC4A0321300006F089F9AD
:1014D0000823EB6034675846F060A025ED05002135
:1014E000280006F0DDF95046E860A449A44E30001B
:1014F00006F0E8F9D22080008346F0637464D220BD
:10150000C00082460100300006F047FA8021C9047D
:10151000280006F0F2F9484628619A4A0121300075
:1015200006F008FA984A0221300006F003FA974ABA
:101530000321300006F0FEF901220121300006F0FF
:10154000E5F99349300006F04FFA34679149924E1D
:10155000300006F0B7F95846F06374645146300025
:1015600006F01BFA80210905280006F0C6F9702351
:101570002B618A4A0121300006F0DCF9884A0221F9
:10158000300006F0D7F9874A0321300006F0D2F97F
:1015900001220121300006F0B9F98349300006F03C
:1015A00023FA34678149824E300006F08BF95B469E
:1015B000F36374645146300006F0EFF98021490569
:1015C000280006F09AF9E023DB002B61794A01211B
:1015D000300006F0AFF9784A0221300006F0AAF98F
:1015E000764A0321300006F0A5F9012201213000DE
:1015F00006F08CF97249300006F0F6F9346771494B
:10160000714E300006F05EF9704BF363704B7364FB
:101610005146300006F0C1F980218905280006F006
:101620006CF9E021C90129616A4A0121300006F004
:1016300081F9694A0221300006F07CF9674A0321EA
:10164000300006F077F901220121300006F05EF942
:1016500000220121300006F0A3F90322022130000C
:1016600006F09EF901220521300006F099F9F359A0
:1016700041460B43F351F35904221343F351F359F9
:101680001C321343F3513467554D280006F0E0F93E
:101690002B680326B3432B605249280006F0E4F977
:1016A0005149280006F0EAF900220221280006F03C
:1016B000F0F96B6F042213436B674C494C4D0022C9
:1016C000280006F0F1F9EB6950229343EB61EB69D6
:1016D0004A4693433343EB61EA6B464B1A408023FF
:1016E0001B011343EB63444B2B610C3602960194B0
:1016F00000943A2300220021280006F0D5FA1F2387
:1017000005220021280006F0FFFA1F2305222021D0
:10171000280006F0E3FA2B6CB343424613432B64D4
:10172000364806F075FC05B0F0BCBB46B246A9468B
:10173000A046F0BD00000448E89F001000010448E6
:10174000F09F0010F49F0010F89F001004A00010FC
:1017500000020448FFFF00000CA0001010A00010C1
:1017600014A00010ACA0001000040448FF04000006
:10177000B4A00010B8A00010BCA0001018A0001069
:101780000001005034A0001038A000103CA0001050
:1017900028A0001040A00010000200505CA0001023
:1017A00060A0001064A0001050A0001068A00010FD
:1017B0000003005084A0001088A000108CA000102E
:1017C00078A0001090A00010000400508F060000C8
:1017D00014050000A0A00010A4A00010A8A00010F4
:1017E0000000015000A00010FC9F0010DC9F0010C2
:1017F00000020048FFE0FFFF21810000C0A00010B0
:1018000010B57F4A7F4C0021200005F071FE0022B8
:101810000021200006F0EFF87B4A0A21200005F0A5
:1018200067FE00220A21200006F0E5F8774A0D2124
:10183000200005F05DFE00220D21200006F0DBF8FF
:10184000734A0121200005F053FE002201212000EF
:1018500006F0D1F86F4A0221200005F049FE00226F
:101860000221200006F0C7F86B4A0321200005F092
:101870003FFE00220321200006F0BDF8674A042144
:10188000200005F035FE00220421200006F0B3F808
:10189000634A0521200005F02BFE002205212000CF
:1018A00006F0A9F85F4A0621200005F021FE00227B
:1018B0000621200006F09FF85B4A0721200005F072
:1018C00017FE00220721200006F095F8574A08214C
:1018D000200005F00DFE00220821200006F08BF804
:1018E000534A0921200005F003FE002209212000AF
:1018F00006F081F84F4A504C0021200005F0F8FD19
:1019000000220021200006F076F84C4A0121200038
:1019100005F0EEFD00220121200006F06CF8484A97
:101920000221200005F0E4FD00220221200006F043
:1019300062F8444A0321200005F0DAFD0022032169
:10194000200006F058F8404A0521200005F0D0FD9F
:1019500000220521200006F04EF83C4A3C4C0A21AA
:10196000200005F0C5FD00220A21200006F043F802
:10197000384A0B21200005F0BBFD00220B2120007E
:1019800006F039F8344A0221200005F0B1FD0022AA
:101990000221200006F02FF8304A0421200005F033
:1019A000A7FD00220421200006F025F82C4A05217D
:1019B000200005F09DFD00220521200006F01BF807
:1019C000284A0621200005F093FD00220621200070
:1019D00006F011F8244A0821200005F089FD0022B4
:1019E0000821200006F007F8204A0921200005F010
:1019F0007FFD00220921200005F0FDFF10BDC0463B
:101A000044A100100000044004A100102CA100100B
:101A10004CA1001054A100105CA1001034A10010D2
:101A200024A10010FCA00010F4A0001064A100107C
:101A30006CA100101CA100100001044014A10010B2
:101A40000CA1001074A100103CA10010E4A0001033
:101A500000020440ECA0001084A10010CCA00010F3
:101A60007CA100108CA10010D4A00010DCA00010FC
:101A700030B585B001A8044B020032CB32C205F06C
:101A80002BFE05B030BDC04694A1001010B5FFF785
:101A90008FFC002010BD70B505000E001C0004ABCB
:101AA00018888D421FD395421ED2521A91B2A0427D
:101AB0000CD2AE1BB6B2201A80B270434B08C018CD
:101AC00005F0A6FF80B2201A80B20DE0AD1BADB2CA
:101AD000001B80B268434B08C01805F099FF80B224
:101AE000001980B200E0200070BD70B51D0004AB8D
:101AF0001B7888421DD990421DD2AB420CD2441AA9
:101B0000E4B2E81AC0B26043511AC9B205F090FFBE
:101B1000C0B2281AC0B20DE0441AE4B2581BC0B2D9
:101B20006043511AC9B205F083FFC0B24019C0B278
:101B300000E0280070BD1800FCE7030008008B429D
:101B400000D21800704710B504000F2A13D81023D4
:101B50009B1A43434A439B1808331B0998B281429E
:101B60000AD1844202D9013080B205E0844203D216
:101B7000013880B200E0002010BD0000002803D032
:101B8000044B20225A607047024B802292035A6015
:101B9000F9E7C04600010440F0B5DE4657464E4620
:101BA0004546E0B587B0F84CE28C01922C23E05C0E
:101BB0005043642105F02CFFF44B1880227EF44B37
:101BC0001A70638BB722A65C9B1BF24A1380C0235A
:101BD000E25CF14B1A708423E75CF04B1F707A08CB
:101BE000EF4B1A707E23E35C002B04D18022A35CB0
:101BF000002B00D16DE2E44C236B9B46E949181C95
:101C000006F0EEFD06F04CFAE74B1880636B9A463F
:101C1000E449181C06F0E4FD06F042FAE34B188094
:101C2000A36B9946DF49181C06F0DAFD06F038FA76
:101C3000DF4B1880E36B9846DA49181C06F0D0FD9C
:101C400006F02EFADB4B1880236CD6490293181C41
:101C500006F0C6FD06F024FAD74B1880626CD14915
:101C60000392101C06F0BCFD06F01AFAD34B188044
:101C7000E56DCC49281C06F0B3FD06F011FAD04BF7
:101C800018802823E05C07F0B9F8041CCD495846B9
:101C900006F0A6FD011C201C06F0A2FD06F000FACD
:101CA000C94B1880C749504606F09AFD011C201CFC
:101CB00006F096FD06F0F4F9C44B1880C149484679
:101CC00006F08EFD011C201C06F08AFD06F0E8F9E6
:101CD000BF4B1880BB49404606F082FD011C201C0A
:101CE00006F07EFD06F0DCF9BA4B1880B549029883
:101CF00006F076FD011C201C06F072FD06F0D0F9FE
:101D0000B54B1880AF49039806F06AFD011C201CF2
:101D100006F066FD06F0C4F9B04B1880A949281CEE
:101D200006F05EFD011C201C06F05AFD06F0B8F915
:101D3000AB4B1880944C2823E35C9800C0184000FB
:101D400007F05CF8A74906F04BFD06F0A9F9A64B91
:101D50001880B623E55CAB00ED186D00A34B1D8029
:101D6000A34B1D804F2D00D987E2A24B50221A8031
:101D7000854BD5229B5C002B00D181E29E4BD43A4F
:101D80001A709E4B01321A709D4B0B321A709D4B8C
:101D9000093A1A709C4B06321A709C4B043A1A701E
:101DA0009B4B01321A709B4B043A1A709A4B0632C5
:101DB0001A709A4B1A70744CB823E25C984B1A70E4
:101DC000984B1F70BD23E25C974B1A706923E25C4D
:101DD000964B1A708723E25C954B1A706823E25C7D
:101DE000944B1A706C23E25C934B1A70A27D934B58
:101DF0001A706423E25C924B1A70BC22A25C5A7087
:101E00007023E25C8F4B1A707123E25C8E4B1A7068
:101E10006D23E25C8D4B1A70E27D8D4B1A702B2383
:101E2000E05C019B5843642105F0F2FD574B18809C
:101E30002923E25C874B1A70874B1E80874B1E80DC
:101E4000237D002B00D139E231003C39844A1180D6
:101E5000844A1680844A13704B4B6222995C834AF1
:101E600011707621595C5170C922995C804A1170B9
:101E7000CE22995C7F4A1170CF21595C51707E4A05
:101E800015705C4909885170C522995C7B4A1170B4
:101E90006B22995C7A4A11708F22995C794A117091
:101EA0009021595C51709121595C91709221595C3B
:101EB000D1709321595C11719421595C517189221F
:101EC000995C714A11708A21595C51708B21595C5F
:101ED00091708C21595CD1708D21595C11718E21CA
:101EE000595C5171694A0021117096201E5A76087A
:101EF000F6B2567002301D5A6D08EDB29570023080
:101F00001C5A6408E4B2D4700230185A4008C0B2B7
:101F1000107151719E27DF5D97719F27DF5DD7712B
:101F2000A027DF5D1772A127DF5D57729172A2278C
:101F3000DF5DD772A327DF5D1773A427DF5D5773BB
:101F4000A527DF5D9773D173A627DF5D1774A727D9
:101F5000DF5D5774A827DF5D9774A927DF5DD7740D
:101F6000117556759575D47510765176B120185C3B
:101F70009076B220185CD076B320185C1077B4202D
:101F8000185C507784E0C04614060020A41300209B
:101F900070150020EE0600201215002033130020DB
:101FA000321300200000C8424A13002048130020CA
:101FB0004613002044130020421300204013002049
:101FC0003E13002000002041241300202213002093
:101FD000201300201E1300201C1300201A130020C1
:101FE00018130020333383402A13002030130020BD
:101FF0002C1300202E130020391300203C13002046
:1020000035130020361300203B1300203813002026
:10201000341300203A1300203D1300203713002012
:10202000171500203A1500203D150020B01500209E
:1020300018150020BC150020C6150020151500201D
:10204000E41500205D1500205E1500205F150020BE
:10205000161500206A150020B6130020B8130020C2
:10206000BC130020BA130020C7150020EC15002077
:1020700059150020C415002028150020B515002092
:10208000B61500202C150020341500207C150020EA
:102090009177AA20185CD077AB201C5C8B38145445
:1020A0008C301C5C8B3814548C30185C2223D05438
:1020B0000133D1540133D1540133D1540133D154BC
:1020C0000133D15407B0F0BCBB46B246A946A04686
:1020D000F0BD7E4C236B9846181C07F0A3FD002230
:1020E0007B4B06F025FF05F0F3FF7A4B1880636BFE
:1020F0000293181C07F096FD0022754B06F018FF9E
:1021000005F0E6FF744B1880A26B91467349101CD2
:1021100006F066FB05F0C4FF714B1880A26C924676
:102120006E49101C06F05CFB05F0BAFF6D4B188081
:10213000E26C93466949101C06F052FB05F0B0FFB3
:10214000694B1880226D65490392101C06F048FB0C
:1021500005F0A6FF654B1880616D0D1C5F49049565
:10216000281C06F03DFB05F09BFF614B1880A16D1C
:102170000D1C5A490595281C06F032FB05F090FF0E
:102180005C4B1880E56D5549281C06F029FB05F0CD
:1021900087FF594B18802823E05C06F02FFE041CB3
:1021A0005649404606F01CFB011C201C06F018FB9B
:1021B00005F076FF524B18805049029806F010FB4C
:1021C000011C201C06F00CFB05F06AFF4D4B18802B
:1021D0004A49484606F004FB011C201C06F000FB9F
:1021E00005F05EFF484B18804449504606F0F8FA67
:1021F000011C201C06F0F4FA05F052FF434B188036
:102200003E49584606F0ECFA011C201C06F0E8FA9C
:1022100005F046FF3E4B18803849039806F0E0FA77
:10222000011C201C06F0DCFA05F03AFF394B18803F
:102230003249049806F0D4FA011C201C06F0D0FAAA
:1022400005F02EFF344B18802C49059806F0C8FA8B
:10225000011C201C06F0C4FA05F022FF2F4B188049
:102260002649281C06F0BCFA011C201C06F0B8FA0E
:1022700005F016FF2A4B18805CE52A4B1D8077E598
:10228000294B01221A70294B01321A70284B013256
:102290001A70284B01321A70274B01321A70274BE3
:1022A00001321A70264B01321A70264B01321A7015
:1022B000254B01321A70254B1A707CE5244A8C217B
:1022C0001180244A82311180C4E5C04614060020E2
:1022D000000059404E1300204C1300200000C8425B
:1022E0004A13002048130020461300204413002006
:1022F00042130020401300203E1300200000204124
:10230000281300202613002024130020221300206D
:10231000201300201E1300201C1300201A1300207D
:10232000181300202E130020391300203C13002026
:1023300035130020361300203B13002038130020F3
:10234000341300203A1300203D13002037130020DF
:10235000BC130020BA13002070B5CF4B1B88CF4AA6
:102360001288934200D046E3CC4C2380CC4B1B8890
:102370006380CC4B1B78643B2371CB4B1B88637110
:10238000CA4B1B88E380CA4B1B882381C94B1B881F
:102390006381C94B1B88A381C84B1B88E381C84B51
:1023A0001B882382C74B1B886382C74B1D7825750A
:1023B000C64B1B886375C64B1B88A375C54B1B8812
:1023C000E375C54B1B882376C44B1B886383C44BC2
:1023D0001B88A383C34B1B88A377C34B1B88E3775E
:1023E000C24B1A882023E254C14B1A882123E2549D
:1023F000C04B1A882223E254BF4B1B88A384BF4BD7
:102400001B88E384BE4B1A882823E254BD4B1A88EC
:102410002923E254BC4B1A882A23E254BB4B1A8866
:102420002B23E254BA4B1A882C23E254B94B188858
:1024300006F036FDB84906F009F82063B74B188856
:1024400006F02EFDB44906F001F86063B44B18881D
:1024500006F026FDB04905F0F9FFA063B14B1888DE
:1024600006F01EFDAC4905F0F1FFE063AE4B1888A5
:1024700006F016FDA84905F0E9FF2064AB4B18886B
:1024800006F00EFDA44905F0E1FF6064A84B188832
:1024900006F006FDA04905F0D9FFA064A54B1888F9
:1024A00006F0FEFC9C4905F0D1FFE064A24B1888C1
:1024B00006F0F6FC984905F0C9FF20659F4B188887
:1024C00006F0EEFC944905F0C1FF60659C4B18884E
:1024D00006F0E6FC904905F0B9FFA065994B188815
:1024E00006F0DEFC8C4905F0B1FFE065964B1A88DA
:1024F0006023E252954B1A886223E254944B1A8867
:102500006323E254934B1A886423E254924B1A8853
:102510006523E254914B1A886623E254904B1A8843
:102520006723E2548F4B1A886823E2548E4B1A8833
:102530006923E2548D4B1A886A23E2548C4B1A8823
:102540006B23E2548B4B1A886C23E2548A4B1A8813
:102550006D23E254894B1A886E23E254884B1A8803
:102560006F23E254874B1A887023E254864B1A88F3
:102570007123E254854B1A887223E254844B1A88E3
:102580007423E252834B1A887623E254824B1A88D2
:102590007723E254814B1A887823E254804B1A88BF
:1025A0007923E2547F4B1A887A23E2547E4B1A88AF
:1025B0007B23E2547D4B1A887C23E2547C4B1A889F
:1025C0007D23E2547B4B1A887E23E2547A4B1A888F
:1025D0007F23E254794B1A888023E254784B1A887F
:1025E0008123E254774B1A888223E254764B1A886F
:1025F0008323E254754B1A888423E254744B1A885F
:102600008523E254734B1A888623E254724B1A884E
:102610008723E254714B1A888823E254704B1A883E
:102620008923E2546F4B1A888A23E2546E4B1A882E
:102630008B23E2546D4B1A888C23E2546C4B1A881E
:102640008D23E2546B4B1A888E23E2546A4B1A880E
:102650008F23E254694B1A889023E254684B1A88FE
:102660009123E254674B1A889223E254664B1A88EE
:102670009323E254654B1A889423E254644B1A88DE
:102680009623E252634B1A889823E252624B1A88CF
:102690009A23E252C2E0C04600F000101406002067
:1026A00002F0001004F0001006F0001008F0001016
:1026B0000AF000100CF000100EF0001010F00010E6
:1026C00012F0001014F0001016F0001018F00010B6
:1026D0001AF000101CF000101EF0001020F0001086
:1026E00022F0001024F0001026F0001028F0001056
:1026F0002AF000102CF000102EF0001030F0001026
:1027000032F0001034F0001036F0001038F00010F5
:102710003AF000103CF000100000C8423EF00010FB
:1027200040F0001042F0001044F0001046F000109D
:1027300048F000104AF000104CF000104EF000106D
:1027400050F0001052F0001054F0001056F000103D
:1027500058F000105AF000105CF000105EF000100D
:1027600060F0001062F0001064F0001066F00010DD
:1027700068F000106AF000106CF000106EF00010AD
:1027800070F0001072F0001074F0001076F000107D
:1027900078F000107AF000107CF000107EF000104D
:1027A00080F0001082F0001084F0001086F000101D
:1027B00088F000108AF000108CF000108EF00010ED
:1027C00090F0001092F0001094F0001096F00010BD
:1027D00098F000109AF000109CF000109EF000108D
:1027E000A0F00010A2F00010A4F00010A6F000105D
:1027F000A8F00010AAF00010ACF00010AEF000102D
:10280000B0F00010B2F00010B4F00010B6F00010FC
:10281000B8F00010BAF00010BCF00010764B1A8827
:102820009C23E252754B1A889E23E254744B1A88FB
:102830009F23E254734B1A88A023E254724B1A88E8
:10284000A123E254714B1A88A223E254704B1A88D8
:10285000A323E2546F4B1A88A423E2546E4B1A88C8
:10286000A523E2546D4B1A88A623E2546C4B1A88B8
:10287000A723E2546B4B1A88A823E2546A4B1A88A8
:10288000A923E254694B1A88AA23E254684B1A8898
:10289000AB23E254674B1A88AC23E254664B1A8888
:1028A000AD23E254654B1A88AE23E254644B1A8878
:1028B000AF23E254634B1A88B023E254624B1A8868
:1028C000B123E254614B1A88B223E254604B1A8858
:1028D000B323E2545F4B1A88B423E2545E4B1A8848
:1028E000B523E2545D4B1A88B623E2545C4B1A8838
:1028F000B723E2545B4B1A88B823E2545A4B1A8828
:10290000B923E254594B1A88BA23E254584B1A8817
:10291000BB23E254574B1A88BC23E254564B1A8807
:10292000BD23E254554B1A88BE23E254544B1A88F7
:10293000BF23E254534B1A88C023E254524B1A88E7
:10294000C123E254514B1A88C223E254504B1A88D7
:10295000C323E2544F4B1A88C423E2544E4B1A88C7
:10296000C523E2544D4B1A88C623E2544C4B1A88B7
:10297000C723E2544B4B1A88C823E2544A4B1A88A7
:10298000C923E254494B1A88CA23E254484B1A8897
:10299000CB23E254474B1A88CC23E254464B1A8887
:1029A000CD23E254454B1A88CE23E254444B1A8877
:1029B000CF23E254434B1A88D023E254424B1A8867
:1029C000D123E254414B1A88D223E254404B1A8857
:1029D000D323E2543F4B1A88D423E2543E4B1A8847
:1029E000D523E2543D4B1A88D623E254002D02D160
:1029F000E1225200628370BDBEF00010C0F00010F2
:102A0000C2F00010C4F00010C6F00010C8F00010B2
:102A1000CAF00010CCF00010CEF00010D0F0001082
:102A2000D2F00010D4F00010D6F00010D8F0001052
:102A3000DAF00010DCF00010DEF00010E0F0001022
:102A4000E2F00010E4F00010E6F00010E8F00010F2
:102A5000EAF00010ECF00010EEF00010F0F00010C2
:102A6000F2F00010F4F00010F6F00010F8F0001092
:102A7000FAF00010FCF00010FEF0001000F1001061
:102A800002F1001004F1001006F1001008F100102E
:102A90000AF100100CF100100EF1001010F10010FE
:102AA00012F1001014F1001016F1001018F10010CE
:102AB0001AF100101CF100101EF1001020F100109E
:102AC00022F1001024F1001026F1001028F100106E
:102AD0002AF100102CF100102EF1001030F100103E
:102AE00070B5164B1B78002B14D0012B16D0144B4D
:102AF0001B78002B0DD0134D2C88134B134A1278E2
:102B00005200D05A6043642104F082FF80B224183E
:102B10002C8070BD0A4B01221A70E8E70C4B1B8811
:102B2000002B03D1064B01221A70E0E7074B1B78FC
:102B30002D2BDCD9024B00221A70D8E7B5150020E6
:102B4000B7150020AC130020E81300206C150020FE
:102B5000E414002010B5194B1B78002B0BD1184B37
:102B60001B88002B07D1174B01221A70164B174AEE
:102B700012781A701DE0134B1B78002B19D0124BE2
:102B80001B78002B16D0104A013B13700E4B1B789C
:102B9000642058430D4B197804F04AFF83B2642037
:102BA000C01A80B20A4C23885843642104F040FFC5
:102BB000208010BD034B00221A70E7E76C1500203F
:102BC000E0130020B2150020B115002009070020F5
:102BD000AC13002010B5164B1B78002B23D0154AE0
:102BE0001378591C1170DB0703D5134A138801337E
:102BF0001380114B1A88C8239B009A4202D90E4BAE
:102C0000A0221A800C4B1B88DB08DBB20B4A137026
:102C10000B4A1288534364205843A72104F0F8FE5E
:102C2000084B188010BD044BA0221A80FAE7C0465A
:102C3000CC150020BB150020E41300206F150020E8
:102C4000AC130020E613002010B50E4B198889B292
:102C5000002912D00C4B1889AB239B00584304F079
:102C6000D7FE0A4B18800A4B1B78002B04D0074A6A
:102C700099005B185B00138010BD044B00221A8082
:102C8000F1E7C046521800205C130020E414002035
:102C9000EE15002009490A889308D21A92B20A80D8
:102CA000074B1B889B189BB20B809B08054A13801F
:102CB000054A57214B4313807047C046A613002096
:102CC00044180020A8130020CE130020714B9B7CD9
:102CD000012B5ED06F4B9B7C022B5AD06D4B9B7CA3
:102CE000052B56D06B4B9B7C042B52D06A4B002299
:102CF0001A706A4B1A880A2A07D9674B1B78002B6F
:102D00004FD1644B9B7C032B4BD0654B002119703A
:102D1000634B1B783C2B03D9624B1978624B1970BB
:102D2000624B1988624B1B88994203D05D4B19781E
:102D30005D4B1970584B1978002915D05D4B1B88D5
:102D40000A3B9BB291204000834209D85A4B188815
:102D5000AF239B00984203D8584B1B78002B03D01D
:102D6000574B1878504B1870564B1B88642B25D93D
:102D7000554B1B78002B21D100291FD0534B1B78BA
:102D8000013BDBB2812B19D951490B7801330B7010
:102D900017E0504B1B78002BA8D13F4B01221A7033
:102DA000A7E74D4B1B78002B03D04C4B1B78002B17
:102DB000ABD13B490B7801330B70A9E7444B0021A1
:102DC0001970434B1B78FA2B03D9454B1978364BB6
:102DD0001970444B1B78002B20D15A2A0CD92D4B4B
:102DE0009B7C072B08D02B4B9B7C062B04D03E49A9
:102DF0000B8801330B8002E03B4B002119803B4BD9
:102E00001B88002B02D0384B00211980364B1B88C1
:102E10007D2B03D9364B1978234B1970354B1B7812
:102E20001E2B10D9092A0ED8334A13780133DBB28E
:102E300013700A2B0AD9314B1A781B4B1A702E4B80
:102E400000221A7002E02C4B00221A702C4AC52373
:102E50009B00D3589B109B059B0D2A4A13800D4A5B
:102E6000527CD2B228498A5C002A12D0274A1278B2
:102E7000132A0ED8254901320A709B080C4A792181
:102E8000525C0532D2B2934203D9214B1A78064BD9
:102E90001A7070475C130020A5150020E013002075
:102EA0006915002037130020BD15002000F0001028
:102EB00014060020B6130020AA13002011150020CC
:102EC0003C130020AE130020B41500206C15002028
:102ED0002115002013150020101500205815002082
:102EE00035130020BF150020D2130020E414002069
:102EF0003A1300201B15002068150020361300200F
:102F000000080348C0130020C4150020C11500208C
:102F10003B13002010B52A4B1B78002B11D0294BF6
:102F20001A78C8239B0053439BB2274A1088584302
:102F3000264B19894B00C918C90104F069FD244BBF
:102F40001880244B6A229B5C002B22D0204B1C88CB
:102F5000002C07D0204B1888210004F059FD84B2C2
:102F60006400A4B21D4B1988002906D01A4B18889A
:102F700004F04EFD81B2490089B2194B1B78002B39
:102F80000FD08C4206D2091B89B2164A13685B180F
:102F9000136010BD611A89B2124A13685B1A13607C
:102FA000F7E7002CF5D00F4B1B680F4A9342F0D97E
:102FB0000C4A1B1B1360064B00221A80E9E7C0462F
:102FC000541500206B150020521800205C130020BF
:102FD000E213002014060020D8130020D61300208E
:102FE0003C150020F806002000E1F50510B50D4B5A
:102FF00018880D4B1B7858430A2104F009FD80B254
:103000000A4B18800A4B1A6880181860094904F0A6
:10301000FFFC094B1860094B1B68C018084B18606F
:1030200010BDC046CC1300201B150020C813002083
:1030300004150020907E000000150020FC140020E4
:103040000815002070B582B0204B1888C72807D912
:103050001F4B18221A701F4B0F3A1A7002B070BD26
:103060001D4E33788008C0B21825009532220A21FF
:10307000FEF73BFD164C20703378184A1078009507
:1030800046221421FEF731FD2378834201D9104BEB
:103090001870134E33780D4A10888008C0B2092585
:1030A000009532220A21FEF720FD0A4C2070337869
:1030B0000A4A1078009546221421FEF716FD23785F
:1030C0008342CBD9034B1870C8E7C046E4140020F4
:1030D0000307002001070020040700206C150020D2
:1030E0000207002010B5344B1C78344B5B7B002B5F
:1030F0000ED0334B1B78002B0AD1324B1A88324B3F
:10310000197878235B1A9A4202DD2D4B01221A703E
:103110002A4B1B7D002B40D1294B1A78002A03D162
:103120002A4B1B78002B37D0264B1988284B1B784D
:103130004B43544363431B0A5801C01A8000C01814
:10314000C000244B198804F063FC84B22409FFF703
:1031500079FF214B1A78A24222D2204B1A70204BC1
:1031600088229B5C002B0FD01E4B1B78002B1AD0A3
:103170001A4B1B78154A1278934201D9134A1370DF
:10318000164B124A12781A70144B1B78002B0ED073
:10319000154B164A12781A7010BDFFF7A1FCBBE759
:1031A0000E4B1C70DBE7094B00221A70ECE70E4B4C
:1031B00000221A70F0E7C046791500205C13002049
:1031C0006C150020AC13002016150020B31500204C
:1031D00070150020CE130020FC06002010150020E2
:1031E00014060020B4150020581500200807002000
:1031F00070B5334BCA229B5C002B53D1314B5B7BA8
:10320000002B0ED0304B1B78002B0AD12F4B1A8885
:103210002F4B197878235B1A9A4202DD2A4B012240
:103220001A70284B9B7B002B02D0274B01221A706F
:10323000264B1B88002B03D0234A1278002A03D187
:10324000244A1278002A2CD0234A107858433C2173
:1032500004F0EEFB040085B2FFF7F4FE1F4B1A7872
:10326000AA4222D21E4B1A70154B88229B5C002B5F
:103270000FD01C4B1B78002B1AD0194B1B78154A0A
:103280001278934201D9134A1370154B114A1278E0
:103290001A70134B1B78002B0ED0134B134A127865
:1032A0001A7070BDFFF756FCA8E70D4B1C70DBE7EA
:1032B000084B00221A70ECE70B4B00221A70F0E763
:1032C000140600205C1300206C150020AC130020B5
:1032D00016150020B315002079150020FC060020EB
:1032E00010150020B41500205815002008070020F4
:1032F00010B5194B1A78002A26D0184B1B789B184A
:103300009B10174A1380174B1B78A42B02D8154B20
:10331000A5221A70FFF71EFC124BA5221A70104B43
:103320001C88114A12881A80FFF78CFE0F4B1A78FE
:10333000A2420AD20E4B1A700D4B1B78002B07D0FD
:103340000C4B0D4A12781A7010BD094B1C70F3E734
:10335000084B00221A70F7E76C1500207915002041
:10336000AC13002009070020B0130020FC06002049
:1033700010150020581500200807002070B5394BA3
:103380005B7B002B0ED0384B1B78002B0AD1374BC0
:103390001A88374B197878235B1A9A4202DD324B30
:1033A00001221A702F4B9B7B002B02D02E4B012247
:1033B0001A702E4B1888002803D02B4B1B78002B3B
:1033C00003D12C4B1B78002B3DD02B4B1B785B0083
:1033D000FE214900C91A89B2284B1B78002B05D061
:1033E000214B1B788B422FD8C91A89B20A3189B276
:1033F0004043081804F00CFB040085B2FFF722FEDE
:103400001F4B1A78AA4221D21E4B1A701E4B8822DB
:103410009B5C002B0FD01D4B1B78002B19D0194B38
:103420001B78144A1278934201D9124A1370154B33
:10343000104A12781A70134B1B78002B0DD0144BC6
:10344000144A12781A7070BD0021CFE70D4B1C7022
:10345000DCE7084B00221A70EDE70D4B00221A70D2
:10346000F1E7C0465C1300206C150020AC1300206F
:1034700016150020B31500207915002059150020DD
:10348000FC0600201015002014060020B4150020B2
:10349000581500200807002070B5414BCA229B5CDC
:1034A000002B30D13F4B5B7B002B0ED03E4B1B786B
:1034B000002B0AD13D4B1A883D4B197878235B1AB3
:1034C0009A4202DD384B01221A70364B9B7B002B4F
:1034D00002D0354B01221A70334B1E78002E03D1D7
:1034E000344B1B78002B4ED0304B1D88002D0DD057
:1034F000314B1A78314B9B18587968433C2104F0C2
:1035000097FA84B203E0FFF725FBCBE72C002C4BA6
:103510001B782C4A12786A4392B2734353431B0AB6
:103520005801C01A8000C018C000274B198804F049
:103530006FFA80B20009844200D20400FFF782FDD6
:10354000224B1A78A2421FD2214B1A70144B8822A8
:103550009B5C002B0FD01F4B1B78002B17D01C4BF4
:103560001B78144A1278934201D9124A1370184BEF
:10357000104A12781A70164B1B78002B0BD0164B82
:10358000164A12781A7070BD114B1C70DEE7094B99
:1035900000221A70EFE7104B00221A70F3E7C046C2
:1035A000140600205C1300206C150020AC130020D2
:1035B00016150020B3150020FE0600207C15002003
:1035C0007915002070150020CE130020FC06002085
:1035D00010150020B4150020581500200807002001
:1035E00030B583B0904BCD229B5C002B00D1C7E05F
:1035F0008E4B5B7CDBB28E4AD35C8E4A13708E4A54
:1036000011788E4A1278914200D195E08A490A7069
:10361000854A7821525C002A00D1B3E0824A1339EE
:10362000525C002A00D18BE09BB2854A12889342FB
:1036300000D993E0834B1B78002B00D18EE0824BA6
:103640001B78002B04D1814B1B78002B00D185E027
:103650007A4B06221A707E4B1B78002B18D07C4ABE
:10366000002313707B4A13807B4A13807B4AFA2124
:10367000490011807A4A13807A4A13807A4B7B4A38
:1036800012789B185B7E9A009B185B00784A138027
:10369000774A6B4B12881B88D21A93B210B26D4ACC
:1036A00010806E490A889A1812B20A80FA2189009D
:1036B0008A4200DCADE0694A1180674C2188591AC2
:1036C0008AB2674D298020809B009BB2510052181E
:1036D000520092B261490020085E81000918C910A9
:1036E0009B185B181BB25F4A1380002B00DA97E02F
:1036F0005C4B00229A5EFA239B009A4203DD594BF1
:10370000FA2292001A805B4BF4221A705A4BAB3AA1
:103710001A705A4B5A4A12781A70524B0020185E8F
:103720008010C0B2FE2300930023FA220021FEF78E
:10373000DCF9544B187023E0424A0121117067E70D
:103740009BB23F4A1288934208D83E4B1B78002B0D
:1037500004D03D4B1B78002B00D079E7394B002279
:103760001A703B4B01321A70344B02321A703E4BC6
:103770003E4A12789B189A7A434B1A70FFF7B8FDAD
:1037800003B030BD284AB521525C002A2FD0264A0A
:103790005039525C002A17D09BB2294A12889342B2
:1037A000DCD8224B5B7C002BD8D1264B1B78002B1E
:1037B000D4D0254B1B78002B00D049E7234B1B7836
:1037C000002B00D044E7C9E79BB21D4A1288934200
:1037D000C4D8164B5B7C002BC0D11A4B1B78002B36
:1037E000BCD0194B1B78002B00D031E7B6E79BB259
:1037F000134A12889342B1D80C4B5B7C002BADD19D
:10380000104B1B78002BA9D00F4B1B78002BA5D099
:103810001EE7002A00DB50E7104A002111804CE728
:10382000130000221A8063E7140600205C130020B6
:103830002815002026150020781500207715002077
:10384000E4140020241500206C150020251500200C
:103850002315002054130020581300205613002075
:1038600052130020501300207C150020FE0600207B
:10387000E21400200307002001070020101500209B
:10388000FC060020581500207915002030B583B0C3
:103890003F4AC7239B00D05880108005800D3D4BC8
:1038A00018803D4C7923E15C0133E25C4033E35CFA
:1038B000BB25645D80080094FEF717F9374B18703C
:1038C000002830D0364B1870364B5B7CDBB2364A62
:1038D000D35C012B2BD0032B31D0314B1878334BD9
:1038E0001B7800930023FF220021FEF7FEF804005E
:1038F00005002F4B1B78834213D22E4B1888FE28CD
:103900002CD92D4B30221A702C4B273A1A70274B8A
:103910001B78AB4238D2264A1370294B294A1278B9
:103920001A7003B030BD1E4B00221A70CCE7264B34
:103930001B78002BD1D11A4B00221A70CDE7164B01
:10394000AE229A5C1B4B1B889A42C6D21E4B1B7838
:10395000002BC2D1124B00221A70BEE7C0B2302336
:103960000093C433FF222821FEF7BFF8124B1870D2
:10397000104B1878092300934033FF222821FEF7CB
:10398000B4F80E4B1870C2E7094B1C70C5E7C0466F
:1039900000080348C013002014060020C0150020B2
:1039A000131500205C130020C4150020FC06002025
:1039B00010150020E4140020030700200107002058
:1039C00058150020080700206C15002010B582B0A3
:1039D000124B1C88A4B2C822114B188811230093E3
:1039E000CF3352002821FEF756F80E4B1880002CDA
:1039F0000BD021000C4804F00BF8C0B20B4B187030
:103A0000782805D978221A7002E0084B00221A7033
:103A1000074B064A12781A7002B010BD46180020F3
:103A2000E4140020F006002035DF00006C150020B3
:103A30006D15002030B583B0104B9B7A002B1AD047
:103A40000E4A937A023BDBB2990059184900927AE8
:103A50000232D2B29300D2185200094B1888904219
:103A600002D9084B00241C70074C237800250095D0
:103A7000FEF711F8207003B030BDC0465C13002083
:103A8000E4140020581500201015002010B56E4ACF
:103A900013780133DBB213706C490A780132D2B269
:103AA0000A706B49097800291BD0032B19D9664B82
:103AB00000211970664B1970664B1B78002B1AD0C9
:103AC000012A18D9614B00221A70624B1A70624B9E
:103AD000DB7CDBB2082B00D9B0E09B005F4AD358F7
:103AE0009F460029E8D1022BE6D9574B1970584B55
:103AF00001311970E0E7002BE9D1012AE7D9534BD6
:103B000000221A70534B01321A70E0E7544B1878B8
:103B1000FEF734F810BD524B1878002804D04C4BF7
:103B20001878FEF72BF8F5E7FEF728F8F2E74C4B8C
:103B30001878002803D04B4B1B78002B02D1FEF7DE
:103B40001DF8E7E7434B1878FEF718F8E2E7444B17
:103B50001878002803D0434B1B78002B06D100288F
:103B60000AD03B4B1878FEF709F8D3E73D4B18789D
:103B7000C0B2FEF703F8CDE7FEF700F8CAE7384B0E
:103B80001878002803D0374B1B78002B06D100286B
:103B900009D02F4B1878FDF7F1FFBBE72D4B1878B4
:103BA000FDF7ECFFB6E7FDF7E9FFB3E72D4B1B7818
:103BB000002B05D02B4B1878C0B2FDF7DFFFA9E72B
:103BC000274B1878FDF7DAFFA4E7264B1B78002B6C
:103BD00004D0204B1878FDF7D1FF9BE7204B1878D5
:103BE000FDF7CCFF96E71F4B1B78002B08D11C4B31
:103BF000187800280AD0164B1878FDF7BFFF89E720
:103C0000184B1878C0B2FDF7B9FF83E7FDF7B6FF90
:103C100080E7144B1B78002B08D1114B1878002833
:103C200009D00B4B1878FDF7A9FF73E7094B1878FB
:103C3000FDF7A4FF6EE7FDF7A1FF6BE7084B1878CF
:103C4000FDF79CFF66E7C0463315002020150020D5
:103C5000321500201F1500205C130020A0A10010C9
:103C6000631500209218002010B5754B9B7B002B2C
:103C70001DD0744B1B781433734A1370724B1B782E
:103C8000822B02D9704B82221A70704BF4221A7068
:103C90006F4BAB3A1A706F4B19782820FDF74DFF28
:103CA0006D4B18706D4B684A12781A7010BD654BD9
:103CB00018786B4B18706B4B1B78002B0ED16A4A2F
:103CC0001288002A0AD1604B32321A70674B1A7080
:103CD000674B00221A80674B1A80CFE7002B6FD00A
:103CE000614B1B88644A1288934219D2634B0422A9
:103CF0001A70634A1378591C1170042BBED9524BA9
:103D00001A785A4B1B789A4206D24F4B01321A70DE
:103D10005B4B00221A70B1E7544A01331370F7E786
:103D2000544909888B4217D29B1A9B00DBB2534A35
:103D3000137053490A78501C087093429ED2424B2C
:103D40001B784A4A1278934202D23F4A01331370D9
:103D50004B4B00221A7091E74A4A1288934216D2BE
:103D6000D31A9B00DBB2454A137045490A78501CB0
:103D70000870934200D381E7334B1B78282B02D97C
:103D8000314A013B13703E4B00221A7076E73B4BE1
:103D900004221A703A4A1378591C1170042B00D867
:103DA0006CE7294B1B78282B06D9274A013B137057
:103DB0002E4A1378013B1370314B00221A705DE7D5
:103DC0002E4B0A221A702E4A1378591C11700A2B96
:103DD00000D853E72C4B1988002925D02A2903D96C
:103DE000194A1378013B1370214A13885C1C148014
:103DF000092B15D91D4A13780A3313701A4B1B88E7
:103E0000584303F015FE80B21A4B18800200143A92
:103E1000194B1A8014301B4B1880124B01221A7058
:103E2000174B00221A7029E7104B1B78772BF7D815
:103E300005490A7801320A700C4A01331370EFE722
:103E40005C130020791500200B07002003070020D9
:103E500001070020FC060020101500205815002046
:103E6000E9150020E8150020E01300200A070020D3
:103E7000E0140020DE140020DC140020DD150020FA
:103E8000E2150020DA140020E414002010B5A94B3C
:103E9000C2221A70A84B793A1A70A84B00221A70E5
:103EA000A74B1A70A74BBE329B5C002B24D0A64BAD
:103EB0001B88F52B1DD9A54A1178C9B2A44A1278DE
:103EC000D2B2914215D2A34A1278002A11D10B33F3
:103ED000DBB2A14A13705B09A04A13701378DBB2FE
:103EE000052B02D9130005221A709D4B01221A706E
:103EF00002E09B4B00221A709A4B1B78002B20D1BA
:103F0000994B9B7CDBB2082B3CD89B00974AD3583B
:103F10009F46FFF7E7F835E0FFF76AF932E0FFF771
:103F2000E7F92FE0FFF72AFA2CE0FFF7B5FA29E0CE
:103F3000FFF756FB26E0FFF797FE23E0FEF74AFE69
:103F400020E08B4B1A78642353431B11DBB27B4A6E
:103F500013708F2B02D913008F221A70854B1B7898
:103F6000002B02D0754B00221A70834B1B78744AC9
:103F70001370824A1278934201D3714B1A70804BAE
:103F800032221A706F4BCE229B5C002B07D0764BEF
:103F90005B7CDBB27B4AD35C002B00D0C3E0FFF735
:103FA00049FD684BD3229B5C002B13D0674A1278E3
:103FB000D2B2754909788A4200D8B7E073490A78C5
:103FC00001320A70714A1278934203D8704B1A7802
:103FD000684B1A706F4B1B78002B03D16E4B1B780C
:103FE000002B03D06A4B1A78624B1A70574B1A7821
:103FF0009300D2185301694A1360694A11685B182B
:10400000136068490A68013A0A60002A07D19B09CF
:10401000654A136040220A60614B00221A60634BBC
:104020001B78002B35D1624B1B78002B31D0514BC4
:104030001B78DBB25F4A127893422AD04D4B1B7833
:10404000DBB25D4A1278934223D04A4B1B78DBB235
:104050004F4A127893421CD0464B1B78DBB2574A2A
:104060001278934215D0564B1B78002B11D0444B3D
:104070001B78002B0DD0534B1B78002B09D13D4BE7
:104080001B78002B00D1A7E0374B9B7B002B00D087
:10409000A2E04D4BC2221A704C4BB93A1A702C4B0D
:1040A00000221A704A4B1A70414B1B78002B00D12A
:1040B000CCE03E4A1278002A2FD12E4A1278D2B292
:1040C0003C4909788A4228D02A4A1278D2B23A4921
:1040D00009788A4221D0274A1278D2B22C4909782D
:1040E0008A421AD0234A1278D2B2344909788A42D5
:1040F00013D0344A1278002A0FD1134A1288002AAA
:1041000000D0A3E00D4A1278002A00D09EE0314A88
:10411000128892B2002A00D098E0254B00221A7033
:1041200002F0C4FC10BDFFF7B1FB38E7174A0021CD
:10413000117047E703070020010700201015002039
:104140005815002014060020E0130020E41700207A
:1041500093180020131500205B15002099180020EB
:1041600097180020BF1500205C130020C4A1001088
:1041700000070020BD1500200507002008070020CB
:1041800079150020C4150020FD0600205A150020D6
:10419000341300204D1700204C170020F814002085
:1041A000F0140020F4060020F414002092180020DF
:1041B0000607002036130020371300203B13002091
:1041C000FE0600209118002045070020440700202B
:1041D000961800204E180020284B1B788F2B02D9F0
:1041E000264B8F221A70254B1B7819003231244A36
:1041F0001170244A1278934201D2224A1370224B42
:104200001A78224B1B789A4201D91F4A1370204B0F
:104210001B78172B02D81E4B18221A701D4B1B78C7
:10422000082B02D81B4B09221A70194B1A781A4B0B
:104230001A70184B1A78194B1A70124B1A78184BBF
:104240001A70114B1A78174B1A702DE7002B00D0FB
:1042500068E7154B1B78002B00D063E7134B1B88D6
:104260009F2B00D95EE7074B1B78002B00D159E745
:104270000F4B01221A7002F0F5FB53E7FC060020F9
:10428000FD0600201015002058150020080700200A
:1042900003070020010700204507002044070020F5
:1042A000931800209618002092180020E013002098
:1042B0000607002030B583B06C4B7E229B5C002B40
:1042C00009D16A4B48329B5C002B04D1674B0F32FB
:1042D0009B5C002B06D0664B1B78452B02D8644BA9
:1042E00046221A70634BD88864235843572103F041
:1042F0008FFB80B2604B1880604B1B78642B02D917
:104300005E4B64221A70594C607D18230093AA33C7
:1043100064220021FDF7E9FB594B18702923E05C6A
:10432000203B0093403364220021FDF7DEFB554B18
:104330001870CB23E05CAD3B0093E1336422002195
:10434000FDF7D3FB504B1870237E504A1370504A30
:104350001278002A39D0454BC2229A5C4B4B5A70D6
:10436000424BC2229A5C4B4B1A70424B197C4A4A10
:104370001170597D5171597C5170197D9171997DE0
:10438000D172597B5172997B9173997C434A117018
:10439000D97C434A1170DB7B9B00424A138013880F
:1043A0009BB2002B0BD01388FA208000C01A3E4B22
:1043B0001B885843642103F02BFB3C4B18602B4BAC
:1043C0009A8B3B4B1A80012311E0304A5370C7E7A8
:1043D0005A1E37495200545A220224482125405D72
:1043E0006043121A120A580042520133DBB2772B93
:1043F000EED91E4BBD229B5C002B02D02D4BBC3A4C
:104400001A701C4B18796423584380B20009C0B25B
:10441000294B1870154CA28C284B5A431209284975
:104420000A607422A25A53431B094B60BB235843B2
:1044300080B28F2103F0ECFA80B2224B18801B88E7
:104440009BB2BB2B02D91F4BBB221A80074BB72252
:104450009A5C1D490A80C021585C1C4908705B8B1E
:104460009B1A1B4A138003B030BDC04614060020BF
:104470003A1500205C13002042070020161500208A
:1044800004070020020700200907002074150020FF
:10449000C71500206E15002044150020551500207A
:1044A00053150020C2130020A4130020FC14002088
:1044B000E81300203C1500200E150020A086010006
:1044C000E8140020EC060020BE1300201215002086
:1044D000EE060020030043434B4343431B0C802262
:1044E0005200521A5043C0188030000A704770B50D
:1044F000040000290CD000280BDB80235B009842CD
:1045000000DD1800002906DBFFF7E4FF002C0ADBC2
:1045100070BD4042F1E7494280256D00281AFFF73F
:10452000D9FF281AF2E74042F2E7000010B5484BE5
:104530001B78772B1CD9474B1A88474B1A80474B5F
:104540001A88474B1A80474B00211980414B1B8822
:104550009BB29A4233D29B1A9800C0184001424B3A
:10456000198803F055FA80B2A0282CD9A0202AE09F
:10457000384B188880B23D4C21880422FDF7E3FABD
:104580002080334A13780133DBB21370782B02D0CA
:10459000314B1880D3E7364B1B78002BF8D0354BC6
:1045A0001B88984207D9344B1B88984203D2334B5F
:1045B00000221A70ECE7314B01221A70E8E7304B09
:1045C00000221A8000202F4B1978142925D00029A9
:1045D00005D02D4B188803F02BFA294B18802B4B54
:1045E0001B78143B5900C9188900254B1888FFF720
:1045F0007EFF83B21B4A1380254A1380254A13800D
:10460000254A1078584380B2244B1B7858436021C8
:1046100003F0FEF9224B188010BD224B1B88834209
:104620000BD2C31A9BB2632B0AD8154C164B1888B1
:10463000142103F0EDF92080D1E71B1A9BB2F2E7B9
:104640000F4C21880522FDF77EFA2080C7E7C0467F
:104650007513002042180020AA130020BE1300206A
:10466000B6130020AC130020EE060020B813002083
:10467000C7150020BC130020BA130020111500201C
:10468000B21300200C150020A213002012150020E8
:10469000B0130020AE130020701500206C15002010
:1046A000DE1300207613002070B5284B1B785BB218
:1046B000002B16DB254B00221A70254B1B889BB262
:1046C000244A12889A4217D29B1A9800C0184001B7
:1046D000214B198803F09CF980B2A0280DD9A020A5
:1046E0000BE01A4A002313701C4A13701C4A1380F3
:1046F0001C4B00221A701DE000201A4B1B781A4A2E
:1047000059008C5A194D2C808852154A118840182E
:1047100080B21080114A1278142A0CD00F4901324D
:104720000A700133DBB20F4A1370132B02D9130046
:1047300000221A7070BD844203D2094A001B108007
:10474000EFE7074A00211180EBE7C0469B180020E5
:1047500042180020B6130020EE0600200C150020A1
:10476000A21300200D1500207813002076130020DE
:104770001E4A8A235B00D3581B070AD48E235B0092
:10478000D358DBB21A4A1278D1B2002A02D00129DA
:1047900015D07047592B05D0164B00221A70144BB8
:1047A0001A70F6E7134A1178C9B2134843541378C4
:1047B0000133DBB213700E4B01221A70E9E70D4A88
:1047C0001178C9B20C48435413780133DBB213702B
:1047D0001378DBB2062BDCD9130000221A70044BCD
:1047E0001A70064B01321A70D3E7C0460002004827
:1047F000BA150020AF150020A8150020761500205E
:1048000070B5BC4B1B78002B01D100F0A0FCBA4B5B
:1048100043221A70B94B00221A70B94A1378012149
:104820008B431370B74B7E229B5C002B04D1B54B9E
:1048300002329B5C002B6ED0B34B1A78072A0CD83F
:104840009300B24AD3589F46AD4A137801210B43D7
:10485000DBB21370A84B00225A70AA4B7F229B5CDC
:10486000002B00D195E0AA4B19881A78A24BDA7078
:10487000A84B1B88994200D387E09B1ADBB29E4A63
:10488000137102F0CFFE89235B00984200D3B2E09F
:10489000A14B00221A70A04B1B78502B03D99F4BC1
:1048A0001A78964B1A709E4B1B78DBB29D4A127891
:1048B000934200D1A5E09A4B1B78002B00D1A2E0D7
:1048C0008E4B1B78002B00D09DE0954B1B78DBB204
:1048D0008A4A137097E0884B00225A70BDE7864BD6
:1048E00002225A70B9E7844B06225A70B5E7824B10
:1048F00009225A70B1E7804B0C225A70ADE77E4B0B
:104900000C225A70A9E77C4B0C225A70864B1A78FD
:104910007A4B1A70A1E77C4B1A78092A9DD893002C
:10492000824AD3589F46764A137801210B43DBB263
:104930001370714B00225A708FE76F4B00225A7030
:104940008BE76D4B02225A7087E76B4B04225A703B
:1049500083E7694B06225A707FE7674B08225A703B
:104960007BE7654B0A225A7077E7634B0C225A703B
:1049700073E7614B0C225A706FE75F4B0C225A7041
:10498000694B1A785D4B1A7067E75B4B00221A710E
:1049900077E75C4BC6229B5C002B09D1594BD52293
:1049A0009B5C002B16D1544B4622DA701A7168E7D3
:1049B0005F4B1B78504CE3705E4D29885E4B188826
:1049C000B93AFDF7C0F82880642103F021F8C0B29D
:1049D000207156E7484C0023E370564D2988564B0A
:1049E0001888CD3AFDF7AFF82880642103F010F85D
:1049F000C0B2207145E702F015FE1138464B187021
:104A000049E73E4B1A703D4B1B78002B00D1A3E0C9
:104A10004A4B1B78002B00D09EE03A4B80229B5CD7
:104A2000002B45D0354B1B78DBB2454A12789342B8
:104A30001AD0324B1B78DBB23B4A127893421CD01F
:104A40002E4B1B78DBB23F4A127893421ED02B4B81
:104A50001B78DBB23C4A1278934220D0274B1B785C
:104A6000DBB2254A5371B9E0384B1B78002B00D1DB
:104A7000B4E0214B08225A71B0E0344B1B78002B74
:104A800000D1ABE01C4B06225A71A7E02F4B1B78DC
:104A9000002B00D1A2E0184B03225A719EE02B4B51
:104AA0001B78002B00D199E0134B04225A7195E03A
:104AB000144B7E229B5A002B04D1124B57329B5C25
:104AC000002B11D0224B1B78002B03D1214B9B7B59
:104AD000002B03D0084B00225A717FE0074B1B7854
:104AE000DBB2054A537179E0044B1B78DBB2024A12
:104AF000537173E054150020D41500203E1500209A
:104B0000EF150020140600201C150020E8A100105D
:104B1000B8130020AA130020BE150020381300206F
:104B2000BD150020361300203913002008A2001004
:104B30001B150020C6130020C81300203F150020BD
:104B40003D1300203B1300203413002032150020B9
:104B50001A1500205C130020BD4B1B78002B3AD0A7
:104B6000BC4BD5229B5C002B07D0BB4B1B78022B88
:104B700020D0032B22D0012B18D0B84B1B78002B50
:104B800024D1B54B1B78002B20D0B54B1B7C002BC0
:104B900003D1B44B1B78002B18D1B34B1B78002BDF
:104BA00010D0AB4B1A78B14B5A7117E0A84BD43ADE
:104BB0001A70E2E7A64B02221A70DEE7A44B042229
:104BC0001A70DAE7A94B00225A7107E0A04B1A7855
:104BD000A64B5A7102E0A54B00225A71A44B1B78D8
:104BE000002B00D16BE2A34B1B78002B00D17AE0A5
:104BF000A14B1B78002B59D0A04CA14DA14B18887C
:104C00000A2102F005FF0100288889B202F000FFA6
:104C100020809A4B1B88002B00D14BE2D9B2934ADB
:104C200091711B0AD3718B4B82229B5C002B05D0A8
:104C3000954A137804210B43DBB21370854B812214
:104C40009B5C002B25D0914B1B88002B00D157E299
:104C50008D4A1378802149420B43DBB213708C4B91
:104C60001B889BB2A0221201934200D84EE2864AD2
:104C7000137840210B43DBB21370834B1B783F2228
:104C8000934300D148E2804A137804210B43DBB2FE
:104C900013707D4B1A781F210A4074498A701A7864
:104CA0003B210A401A700022002341E2794B1B7815
:104CB000002B0BD0784B1978714B188802F0B8FE96
:104CC0006E4B8200801840001880A2E7734B1B785F
:104CD000002B9ED0694C6A4A714B1088198802F0EB
:104CE00097FE208095E76F4B1B78002B3AD06E4AD9
:104CF0001278002A36D1012B05D0022B1FD05F4B32
:104D000000221A8085E7534BB9229B5C012B09D006
:104D1000664B198889B2594C594B188802F078FEB5
:104D2000208076E7614B198889B2554B188802F0CC
:104D30006FFE8300C0184000504B188069E7454B58
:104D40002B22985C5A4B1B885843642102F060FE6A
:104D500081B2584B1980494C494B188802F058FED3
:104D6000208056E7544B1A78544B1B789A4223D82C
:104D70003949097800291FD03A480078012803D919
:104D80004F4C2478002C17D001394E4B8A00521812
:104D90009B181B5C002B0AD0012B00D039E7374C45
:104DA000374B1888692102F033FE208031E7334BFE
:104DB000334A12881A802CE79A4207D82649097884
:104DC000002903D027490978042911D09A421BD819
:104DD000214B1B78002B17D03B4B1B786421594388
:104DE0000531274B188802F023FE244B188010E76A
:104DF000364B1B78603159430531214B188802F03E
:104E000017FE1E4B188004E7314B324A12789B5C28
:104E10000C2B00D9FDE69B002F4AD3589F460D4B23
:104E2000B9229B5C012B07D0144C154B188800212C
:104E300002F0EEFD2080ECE6114B1888002102F014
:104E4000E7FD8300C01840000C4B1880E1E6C04627
:104E50003F1500201406002067150020651500206E
:104E60005C130020FE06002032150020D41500201F
:104E70003C150020C8150020CC150020D6130020BA
:104E8000D8130020E6130020EF150020E2130020C5
:104E90004E18002056150020CF1500205715002071
:104EA000D81400203D150020B9150020C2130020A1
:104EB000CC130020CA130020641500203A150020EE
:104EC0003B150020441500205515002053150020E7
:104ED0002C1500202A15002030A20010A34BB92267
:104EE0009B5C012B09D0A24B198889B2A14CA24B23
:104EF000188802F08DFD20808BE69D4B198889B2C1
:104F00009D4B188802F084FD8300C0184000994B27
:104F100018807EE6954B2B22985C984B1B88584353
:104F2000642102F085FD81B2954B1980914C924B22
:104F3000188802F06DFD20806BE68F4B1888914B2E
:104F4000197802F075FD8B4B188062E68E4C218833
:104F50008E4B18880D22FCF7F6FD2080834BB9227A
:104F60009B5C012B0BD0834C834D0A2102F050FD3A
:104F70000100288889B202F04BFD208049E67D4C73
:104F80007D4B1B880100180002F042FD208040E6A6
:104F9000784C794B7E4A11881888890802F038FDD0
:104FA000208036E6734C744A7A4B1088198802F0D8
:104FB0002FFD20802DE66D4BB9229B5C012B0AD082
:104FC000754B1978632912D96B4B188802F030FDA4
:104FD000684B18801DE6684B18886F4B197802F0F3
:104FE00027FD644B820080184000188011E6624B58
:104FF000188802F01DFD5F4B820080184000188069
:1050000007E6664C2188664B18880D22FCF79BFD4D
:105010002080584C584D0A2102F0FAFC01002888E3
:1050200089B202F0F5FC2080F3E5524C524A5D4B08
:105030001088198802F0ECFC2080EAE54B4BB9227D
:105040009B5C012B0CD0584B18680A2102F0E0FC45
:1050500081B2484C484B188802F0DAFC2080D8E531
:10506000514B1988434C444B188802F0D1FC2080E6
:10507000CFE5404C404A4D4B1088198802F0C8FCDF
:105080002080C6E54A4B1B8880331B12642058439E
:10509000FE2102F0CDFC81B2013989B2454B198065
:1050A000354B188802F0B4FC8300C0184000314B27
:1050B0001880AEE5404B07229A71DA71B3E53F4B99
:1050C0001888002817D0294BD1229B5C002B0CD0CC
:1050D00000010A2102F0ACFC80B2394B1880C2B248
:1050E000354B9A71000AD8719DE5C2B2324B9A7164
:1050F000000AD87197E5304B07229A71DA7192E570
:10510000304A13787F210B401370A8E52D4A13789D
:1051100040218B431370B0E52A4A137804218B4356
:105120001370B6E52449C95C8A18D2B20133DBB2E8
:10513000072BF7D9204B1A72234A8A235B00D358D6
:105140001B0E7F221A401E239B1A092B00D870BD0C
:105150000023082BFBD8184AD25CD2B21A48C021CF
:10516000490042500133DBB2F3E7C0461406002089
:10517000C2130020D6130020D8130020CC13002027
:10518000CA1300201B150020C6130020C8130020DE
:10519000C0130020AA1300206C150020DC1300208F
:1051A000DE130020AC13002008150020E0130020BF
:1051B0004E180020DA130020D4150020E21300203E
:1051C000D4130020EF15002000020048F8B50400B9
:1051D0000F0015001E000B4B18888300C0184000FC
:1051E000094B2822995C02F023FC0004000C801B70
:1051F0007843A91B083102F01BFC80B2001980B271
:10520000F8BDC046D01300201406002010B5484B4E
:105210007E229B5C002B04D1454B02329B5C002B11
:1052200037D0444B1A78072A03D89300424AD35800
:105230009F46002079E0414B1B88414A1288FA21A1
:105240000120FFF7C3FF70E03D4B1B883D4A1288E9
:10525000FA21FA20FFF7BAFF67E03A4B1B883A4A77
:105260001288FA20FA214000FFF7B0FF5DE0364BCC
:105270001B88364A1288FA213548FFF7A7FF54E009
:10528000FA20800051E0FA2080004EE0FA208000F1
:105290004BE0284B1A78092A03D893002D4AD3589B
:1052A0009F46002041E0254B1B88254A1288A721F4
:1052B0000120FFF78BFF38E0214B1B88214A128821
:1052C000A721A720FFF782FF2FE01E4B1B881E4A55
:1052D0001288A720A7214000FFF778FF25E01A4B8E
:1052E0001B881A4A1288FA20A7214000FFF76EFF98
:1052F0001BE0164B1B88184A1288A7211748FFF796
:1053000065FF12E0144B1B88154A1288A721154827
:10531000FFF75CFF09E0FA20800006E0FA20800039
:1053200003E0FA20800000E00A2010BD0A20FCE71C
:10533000140600201C15002064A200103E1300205B
:105340004013002042130020441300204613002085
:10535000EE02000084A20010481300209B0200000F
:105360004A1300204203000070B5B24B1888642134
:1053700002F04EFB84B2B04D298804222000FCF7D5
:10538000E2FB2880AD4B1B78DBB2012B38D9AC4B4C
:1053900000221A70AB4C218889B2AB4B18880322CB
:1053A000FCF7D1FB2080A94B7E229B5C002B05D112
:1053B000A64B02329B5C002B00D172E0A14B1B88F4
:1053C0009BB2A34A1288934225D9A24B07221A7096
:1053D000A14B1B78002B00D1D1E0A04B1A789D4B3C
:1053E00019788A4200D1C3E09D48037801330370E5
:1053F0009B4B1B78632B00D8BEE0984B1970C2E022
:105400008F4A11784B1CDBB21370142BC2D98E4B10
:105410001C801170BEE78B4B1B889BB2914A12888F
:10542000934203D98B4B06221A70D1E7854B1B8818
:105430009BB28D4A1288934203D9864B05221A707B
:10544000C6E7804B1B889BB2884A1288934203D9D7
:10545000804B04221A70BBE77A4B1B889BB2844AAC
:105460001288934203D97B4B03221A70B0E7754B25
:105470001B889BB27F4A1288934203D9754B022244
:105480001A70A5E76F4B1B889BB27B4A1288934228
:1054900003D9704B01221A709AE76E4B00221A70E2
:1054A00096E7684B1B889BB2744A1288934203D9D3
:1054B000684B09221A708BE7624B1B889BB2704ABB
:1054C0001288934203D9634B08221A7080E75D4B20
:1054D0001B889BB25E4A1288934203D95D4B072218
:1054E0001A7075E7574B1B889BB25E4A128893422D
:1054F00003D9584B06221A706AE7524B1B889BB29D
:10550000594A1288934203D9524B05221A705FE719
:105510004C4B1B889BB2554A1288934203D94D4B82
:1055200004221A7054E7474B1B889BB2504A1288DA
:10553000934203D9474B03221A7049E7414B1B881A
:105540009BB24C4A1288934203D9424B02221A70F2
:105550003EE73C4B1B889BB2474A1288934203D9D3
:105560003C4B01221A7033E73A4B00221A702FE7A6
:105570003B4B002018703BE7364B1A7003E0374B6B
:10558000344A12781A703F4BDB7D022B4CD03E4BD5
:105590001B68642058433D4B198802F039FA80B2E9
:1055A000FA239B00984200D91800FA239B001B1A8B
:1055B0009BB2374A1380284B1B78002B00D195E013
:1055C000344B1B78002B00D090E0204B84229A5C57
:1055D000314B1B789A4200D883E00133DBB22E496D
:1055E0000B702E49097800290FD1134908882C49DE
:1055F0000988884209D92649FA208000088029496B
:1056000000200860254901300870244909780029E4
:105610006CD15208934269D31A4BDB7D002B43D0E7
:105620001E4B01221A7061E0FFF7F0FD184B188045
:10563000C1E7C046CE130020CC130020E4170020A1
:1056400007070020D0130020C413002014060020F8
:10565000241300201C150020541500201E150020C6
:105660001D15002022130020201300201E130020EF
:105670001C1300201A1300201813002028130020E8
:10568000261300205C13002008150020A41300201E
:10569000C2130020B9150020B81500209018002072
:1056A0002A130020FC140020FFF7B0FD0200963200
:1056B000124B1B889BB29A4204DB104B1B8896331B
:1056C000984213DD0D4B18801B88FA208000C01A09
:1056D0000B4B1B885843642102F09AF9094B186060
:1056E00004E0094B01221A70084B1A70034B1B8807
:1056F0009B08DBB2064AD37370BDC046C2130020BC
:10570000A4130020FC140020B915002090180020DC
:105710005C13002070B5AC4A137801331370AB4AA8
:10572000137801331370AA4A137801331370A94A0E
:10573000137801331370A84B1B78002B17D170BD61
:10574000A649C95C8A18D2B20133DBB2052BF7D95E
:10575000A24B9B79DBB293420CD09F4B00221A7074
:105760009A4B1B78032BEAD99D4B1A70E7E700226E
:105770000023EBE7954B00201870984B5A780121D5
:105780000A4098490A70597820242140964C21708B
:105790005B7821218B4395490870102B23D00ED8BC
:1057A000042B00D1A2E0082B03D18D4B04211970EA
:1057B0001CE0022B1AD18A4B0221197016E0402BF3
:1057C00000D18FE0802B11D1894BD6215B5C012B5E
:1057D00000D18FE0022B09D1814B04211970834B3A
:1057E0000339197002E07E4B00211970814B1B7840
:1057F000002B03D1804B7A49097819707D4B012128
:105800001970002A00D16AE17C4B1B78002B00D074
:1058100024E17B4B1B7C002B04D1714B1B78002BAC
:1058200000D01BE1774B1B78002B00D016E1764BA4
:105830001B78002B02D1744B01221A70734B01228A
:105840001A70734B1B78002B26D1714B1A70714A5A
:1058500013780133DBB21370032B02D9130001223A
:105860001A706D4B00221A705D4B1B78012B5DD0B6
:10587000042B76D0002B43D0664B1B780133DBB270
:10588000664A1370664A1370664B01221A70504BB9
:1058900000221A704F4B1A704D4B1B78624A1178D8
:1058A0008B420BD24E4B1A78534B1B789A4200D145
:1058B000D7E05E4B1B78002B00D0D2E04F4B01228B
:1058C0001A70524A00231370514A1370514A1370D0
:1058D000404A1170464A8421515C3D4A11704F4A3A
:1058E0001370BEE03E4B012119707FE73C4B032152
:1058F00019707BE73A4BD53919703C4B197075E735
:10590000444B1B78022B09D0032BB5D1484B1A7896
:105910003B4B5A755A7D474B5A71ADE7464B1A7847
:10592000374B1A741A7C434B1A70A5E7394B1B7816
:10593000022B0ED0032B9FD1404B1A78304B1A7597
:10594000197D3C4A91713E49097899759B7DD372C6
:1059500092E73C4B1A782A4B5A745A7C354B5A7052
:105960008AE72C4B1B78022B15D0032B84D1364BA6
:105970001B78092B1FD0354B1A78214BDA74DA7C4F
:10598000334B1A70334B1B780A2B00D074E7224B31
:1059900001221A7070E72C4B1B78092B00D06BE7A3
:1059A0002A4B1A78164BDA74DA7C294B1A701A4B88
:1059B00001221A7060E7284B1A78114B5A735A7BF0
:1059C0001C4B5A72DEE7C046E0150020741300201D
:1059D000601500206415002076150020A815002011
:1059E000FE0600205C150020DE15002014150020A6
:1059F0001406002054150020FF0600206115002029
:105A00005C130020C8150020B91500206215002085
:105A100065150020671500203B1500203F1500206C
:105A2000401500203C1500203A15002019150020D3
:105A30001815002044150020B0150020B6150020D0
:105A4000C6150020BC1500205D1500205F15002044
:105A5000531500205E15002015150020B24B0122C1
:105A60001A70B24B1B78B24A127893420DD2B14BE6
:105A70001978B14B1B78994214D0B04B1B78002B8E
:105A800010D1AF4B1B78002B0CD1AE4900230B700B
:105A9000AD490B70A5490A70AC4A1370AC4A13703B
:105AA000AC4A1370A94B1B78002B00D191E0AA4B94
:105AB00000221A70A94B1B7C002B03D0A84B1B782B
:105AC000002B04D09B4B1B78002B00D081E0994B1E
:105AD0001A78042A7AD89300A24AD3589F46924B48
:105AE0001B78002B0ED1974B1B78002BB9D0954A11
:105AF000002313709C4A13708C4A1370934B01223D
:105B00001A70AEE7884B00221A70AAE78E4B1B78FA
:105B1000022B10D0032B1BD0012B57D18F4A117CA5
:105B2000924B1970137C59424B41DBB21374127CB7
:105B30008F4B1A704AE0894A517D8E4B1970537D04
:105B400059424B41DBB25375527D894B5A713DE04E
:105B500000F074FD3AE07C4B1B78022B10D0032B35
:105B60001BD0012B32D17D4A517C834B1970537C61
:105B700059424B41DBB25374527C7D4B5A7025E045
:105B8000764A117D7D4B1970137D59424B41DBB232
:105B90001375127D764B9A7118E0704A917D784B9F
:105BA0001970937D59424B41DBB29375927D704BD6
:105BB000DA720BE0644B1B78022B29D0032B2BD01D
:105BC000012B21D0654B9A7C6E4B1A70604B0122E1
:105BD0001A706D4B7E229B5A002B05D16A4B5732AF
:105BE0009B5C002B00D1E2E0564B1B78002B00D1D0
:105BF00084E04E4B1A78654B1B789A4200D2D6E06F
:105C0000544B00221A70D2E0544B01229A74D9E707
:105C1000524B02229A74D5E7504B03229A74D1E773
:105C2000494B1B78022B0CD0032B0ED0012B04D038
:105C30004A4B9A7C534B1A70C8E7484B04229A741B
:105C4000F6E7464B05229A74F2E7444B06229A7413
:105C5000EEE73D4B1B78022B1CD0032B37D0012BDA
:105C600004D03E4BDA7C4A4B1A70AFE73B4BD97CF1
:105C7000484A1170DB7CDBB2434A6D21525C93428F
:105C800002D0364BDA74ECE73F4B6F229A5C334B11
:105C9000DA74E6E7404B1B78092B08D03A4B7022A8
:105CA0009A5C2E4BDA74DA7C3A4B1A70D9E72B4A9D
:105CB000517B3A4B1970537B59424B41DBB25373C2
:105CC000527B2B4B5A72244B01221A70C9E7344B7A
:105CD0001B780A2B05D02C4B71229A5C1F4BDA746F
:105CE000BFE71E4A937B59424B41DBB29373927BD1
:105CF0001F4B9A73184B01221A70B2E70B4B19789D
:105D0000214B84229A5C214B1B78D31A99424BDB9E
:105D1000914249D20C4B1B78002B45D00D4B214AA8
:105D200012781A7043E0C046611500206415002007
:105D30003A150020FE060020FF060020C8150020AE
:105D40001915002065150020671500206615002034
:105D50003C1500203F1500203B1500205C1300205F
:105D600014150020ACA2001062150020B015002010
:105D70004415002018150020BC150020B615002081
:105D8000C6150020551500201406002032130020EF
:105D9000531500205F1500205D150020151500200B
:105DA0005E15002040150020C74B00221A70C74B1B
:105DB00000221A70C64B9B7C082B2BD0C54B1B783E
:105DC000002B04D0C44A1278002A00D10EE1002B27
:105DD00000D121E1C04A1278002A00D11CE1BC4A5E
:105DE000127C002A00D117E1BC4A1278002A00D0A8
:105DF00012E1BB4B01321A70BA4B1A70B44B9B7C48
:105E0000082B03D0B24B9A7CB74B1A70B04B0822C8
:105E10009A7404E2B14B1B78002B17D0B24B1A785E
:105E2000AB4B9A74AE4A00231370AE4A1370AF4A5C
:105E30001370AF4A1370AF4A1370AF4A1370AF4A72
:105E40001370AF4BAF4A12781A70E8E1AC4B0022E6
:105E50001A70AA4B01321A70A54B1B78002B4AD03E
:105E6000A54B1A709B4B1B78002B02D1A64A01212F
:105E70001170002B07D0A44B1B78002B03D0A34B31
:105E800001221A7016E0A14B1B78002B0FD0A04BFB
:105E90001C782001201840008D4D297BC9B201F0EB
:105EA000C7FD9C4B18702C73974B00221A70974BB0
:105EB00000221A70984A13780133DBB21370974AA4
:105EC0008421525C5208934207D3934B00221A70EC
:105ED000934A137859424B411370914B1B78002B16
:105EE00004D0904B8B4A12781A7098E1784B1A7B49
:105EF0008C4B1A7093E17D4B1B78002B4ED08A4B54
:105F00001D888A4B1C882A1B93009B181801C01AF5
:105F1000642101F08DFD81B2611889B2091B8448AA
:105F200001F086FDC0B26A4B1873824A22211170BB
:105F30000122DA7200229A757F4A13780133DBB2AC
:105F40001370764A6231525C5208934207D37A4BFF
:105F500000221A70794A137859424B411370774BDB
:105F60001B78002B17D0764B1C805A4B1B78002BCC
:105F700002D1654A01211170002B00D14FE1624B23
:105F80001B78002B00D14AE15F4B00221A70584B5E
:105F900001321A7043E16A4B1D80E6E7514B1B78D2
:105FA000002B00D13BE1534B01221A70654B1B883B
:105FB000634A13805C4A1288934201D95A4A13807B
:105FC000444B1A78002A02D14F4B01211970002A44
:105FD00000D124E14C4B1B78002B00D11FE14A4B30
:105FE00000221A70414B01321A7018E1FFF70EF9C6
:105FF000554B18801B88FA208000C01A534B1B8811
:106000005843642101F004FD514B1860514B0122AB
:106010001A703A4B1A7002E12D4A927C062A1BD064
:106020002E4A1278002A00D1F4E03C498820095C0D
:10603000002922D0002B1DD027490978002919D02A
:1060400045490978002915D144490978002911D01A
:1060500043498738087010E0002B07D01E4B1B788F
:10606000002B03D03F4B053A1A70D8E03D4B00227D
:106070001A70D4E03A490020087028496420095C6D
:10608000002900D1CBE0002B70D0134B1B78002BE4
:106090006CD0334B1B78002B68D10D4B5B7CDBB293
:1060A0003149CB5C002B61D02B4B1B78002B00D0EF
:1060B000B5E0294B01221A70054B997C0A4A1170F0
:1060C00007229A74ABE0C0463F15002066150020F9
:1060D0005C130020DE150020B9150020FE0600200C
:1060E000C8150020C9150020A4150020CA150020DD
:1060F000CB15002057150020561500203C15002018
:10610000641500203A150020DF150020CC15002072
:106110006F1500206E150020CD15002014060020FC
:10612000CE150020CF150020B4130020B813002096
:10613000A80F000074150020D0150020D1150020F4
:10614000D8140020AA130020C2130020A41300209A
:10615000FC1400203D150020E615002061150020EC
:10616000B415002025150020E4150020B54BAF2103
:106170005B5C002B40D0B34B4A395B5C002B3BD0BF
:10618000B14B1B78002B4AD0B04B1B78002B07D1AA
:10619000AE4B64391970AE4B00211970AD4B1A70BB
:1061A000A84BB021595CAA4B1B78994218D9A94B2E
:1061B0001B789A420BD0A84B1A78A84B9A74A24A23
:1061C00000231370A14A1370A54A137027E0A54B52
:1061D0001B78002BEFD1A14B5B7C002B1FD0EAE793
:1061E0009D4B1A789D4B9A74974A00231370974AD7
:1061F00013709B4A137012E0934B1B78002B03D053
:10620000954B1A78954B9A748F4B00221A70944BC9
:106210001A7004E0944B00221A708B4B1A708F4B4B
:106220009A7C013A914B1C78914B91008A189B18EB
:10623000185D904B1870834BD6229B5C002B0CD0C2
:106240008D4B1B78002B08D07E4B063A9B5C584345
:10625000642101F0DDFB874B1870804B5B7D002BC8
:106260006FD0864B1B78002B60D0854B1B78002BA2
:106270005CD1844B1B78002B58D0834B1B78002BB0
:1062800054D1824B1B78002B13D1804A01331370F9
:106290007F4A13707F4A13707F4B00221A707F4B26
:1062A0001A707F4B1C707F4B1B78002B28D07E4AC6
:1062B00013707A4B1B787B4AD25C002A02D1764A53
:1062C000002111705A1C794909788A4224DA724AED
:1062D0001178754A1278043A914203DA704A1278BA
:1062E00094422ED06C4A002111700133DBB26B4A0C
:1062F00013706C4AD35C002B08D06B4A137020E0FB
:10630000504B84229A5C684B1A70D2E74D4B842222
:106310009A5C654B1A7014E05F4B1A78624B1B78DD
:106320009A420ED35A4B00221A700AE0574B1B7840
:10633000002B06D0554A00231370554A1370554A56
:106340001370574B1C703F4B63229B5C002B0AD091
:106350004A4B1B78002B03D1554B1B78002B4BD09D
:10636000544B01221A70544BDB78DBB2534A137042
:10637000344AB921525C002A42D0514AE1218900B5
:106380004B4313802F4B83229B5C002B09D04A4B3D
:106390005B79DBB24B4A13705278934201D2494A7F
:1063A00053702E4B9B7C072B03D02F4B1B78002B5D
:1063B0002BD0244BAE22985C0A2101F029FBC0B2FD
:1063C000264B9872254C627C3F4B9200D0583F4B35
:1063D000198801F01DFBC1B23D4B19703D4B187877
:1063E000FBF7ABFB3C4B1870A37DDBB23B4AD25CA6
:1063F0003B4B1A70FFF7B1F92E4B00221A70B2E72F
:106400002F4A38494B431380BCE7144B5B7CDBB20B
:10641000354AD35C022B06D0104A537CDBB22949A3
:10642000CB5C9372CEE7314B1B78002BF4D0054B3D
:10643000AE22985C0A2101F0EBFAC0B2074B9872C9
:10644000C0E7C04614060020E6150020E115002034
:10645000E0150020E7150020A41500205C130020A3
:10646000E815002092180020B4150020FE06002038
:106470007C150020791500201415002061150020DE
:1064800067150020B9150020C81500201915002037
:106490001A1500203C150020641500202A15002044
:1064A000FF060020341500203A15002017150020A3
:1064B0006215002063150020A81500206B15002030
:1064C000D8130020EC150020E8140020CE13002083
:1064D0000F1500200E150020FC060020741500206A
:1064E000701500209B050000C4150020C015002079
:1064F00010B500F029FB1B4B1880FCF7A5FBFDF73E
:1065000065FAFCF7C7FB184B187800010A2101F067
:106510007FFA164B1870FEF709F8154B1A78511CC4
:10652000197003231340022B19D00AD8002B11D065
:10653000012B11D1FDF7AAFAFCF7ECFCFCF756FD94
:106540000AE0032B08D1FCF7C1FB00F081F9FEF74C
:106550000BFF01E0FFF7DEF8FDF798FC10BDFEF73A
:106560004FF9F9E7E0130020E41700201B15002085
:106570002215002030B589B020220021684603F0A2
:1065800001FD2A4B1A682A4B9A4240D0294B284ACF
:106590001A60294A2221515C19712A21515C880014
:1065A00009184800D8806021515A19816221515C34
:1065B00099720021D972107E1873907D5873997367
:1065C000D9736931515C19746821515C59746E2119
:1065D000515C99746D21515CD9746B21515C1975B2
:1065E0008721515C5975C321515CD9756C21525C6E
:1065F0009A7569460A00180038C838C238C838C2C7
:1066000000230222094800F031FF09B030BD6C467A
:1066100002222100054800F05DFF06490B00220020
:1066200031CA31C313CA13C3EFE7C04600FF0010DD
:10663000DDAA00005C1300201406002030B589B0EC
:106640006C4620220021200003F09CFC074B220016
:10665000190029C929C229C929C2002302222100FF
:10666000034800F003FF09B030BDC0465C130020B2
:1066700000FF001010B55F4B00E0013B002BFCD188
:10668000FBF704FA002800D001BE8020400000F093
:10669000CFFF594B00245C606A225A641C64A0211D
:1066A000C9050B68554803409732FF3213430B600E
:1066B00053490B6803401A430A60FAF7A7FD00F03C
:1066C000A7FFFBF749FEFBF767FAFFF753FFFDF75C
:1066D000F1FD4C4B1B793C334B4A13704B4B1C70F8
:1066E00000F0F2F94A4B01229A604A4B00E0013B6C
:1066F000002BFCD1484BC622920099580902090A86
:106700008020C005014399508021090519609858DF
:10671000424908408021090201439950802189049F
:10672000196098583E490840802109040143995056
:106730008022D2041A603B4B1868FA21890001F0CC
:1067400067F9013880235B0498420DD2364A5060C5
:106750003648036A1B021B0AC02109060B43036269
:106760000023936007331360A023DB050F22DA6058
:106770002F4A116B80235B000B431363254B00E012
:10678000013B002BFCD12B4B5A6801210A435A6074
:10679000294A9A60294B1A68294B1A60254B264AC8
:1067A0009A60284B1B78002B19D0224B224A9A6002
:1067B000254B1B78002B15D1204B1A68234B1B88C7
:1067C000D31A0A2B11D81D4B1A681D4B1B68D31AFC
:1067D000192BE3D91A4B1A60FFF78AFEDEE7FDF7A3
:1067E000C7FFE2E7FDF760FFE6E7184B1A8000F00D
:1067F000E5F8E8E7804F120000000340FFFCFFFFD0
:1068000000000448140600207C170020EE1500202C
:1068100000000150C0D4010000E100E0FF00FFFFD4
:10682000FFFF00FFFC3F002010E000E000ED00E073
:106830000000014000000240FECAADAB7418002009
:10684000F4150020761500209B180020F01500207C
:1068500070B58CB0484B1B78022B19D00CB070BDB2
:10686000464BA600F05801F0D3F806AB9851A200B1
:1068700006ABD358ED180134052C0CDC404B6200FC
:10688000D15A0029ECD1A30006AA01319950EEE7B4
:1068900000240025F0E7002D03D00024C026760157
:1068A00014E0354B04221A70D8E7A20006ABD0588A
:1068B0000004290001F0ACF880B262006B46D052AF
:1068C000B6B203A95652801906B20134052CECDD8C
:1068D0008C235B029E4205D09A1B6B465B899B18FA
:1068E0006A465381002209E053006946585A2549F7
:1068F000585203A9585A244958520132052AF3DD47
:106900001D4B05221A7003AB1A88803212121F49E0
:106910000A805A88803212121D490A809A88803271
:1069200012121C490A80DA88803212121A490A802F
:106930001A898032121219490A805B8980331B122E
:10694000174A13806B461A88164B1A806B465A8872
:10695000154B1A806B469A88144B1A806B46DA885E
:10696000134B1A806B461A89124B1A806B465A8950
:10697000114B1A8072E7C046761700205C17002082
:1069800050170020280700201C070020F8150020C1
:10699000FA150020FC150020FE150020001600202E
:1069A00002160020BC170020BE170020C0170020D0
:1069B000C2170020C4170020C617002030B51D4B99
:1069C0001B78002B35D11C4BE02292009958090509
:1069D000090D1A4882581205120DE12080001B583B
:1069E0001B051B0D1648016016480260164803601F
:1069F0004802164C2568E901491B0918C80920609E
:106A0000090C13480180510212480468E201121B6C
:106A10005218D1090160120C0F490A805A020F491D
:106A20000868C3011B1A9B18DA090A601B0C0C4A80
:106A3000138030BD06070020000803480004034807
:106A40000C17002010170020141700203407002016
:106A50000C070020380700200E0700203C0700200C
:106A6000100700200D4B01221A700D4B196BFF32DD
:106A70000A431A631A6B0B490A401A6309E0084B70
:106A8000196B802252000A431A631A6B05490A40A7
:106A90001A63054B9B68DB07F1D570471807002088
:106AA00000000140FFFEFFFF000100500323034AE6
:106AB0001361034A1361034A1361704700010050D8
:106AC0000002005000030050084B5A6A910801234D
:106AD0000B4051084900022001400B439200042161
:106AE0000A401343024A13707047C0460001044035
:106AF000E51700200B4B19880A040B4B1A600B4852
:106B0000844662445A6000229A60DA601A6199836E
:106B10002C215A545A619A619A775A621A629A627F
:106B20007047C046CA1700208C1700200000C731EC
:106B3000034BDB689B0A03485843000C7047C04670
:106B40008C17002065110000054BDA68120BD3008A
:106B50009B1859015B189800801A000C7047C046BA
:106B60008C170020034BDB681B0A03485843000CBA
:106B70007047C0468C1700207513000070B50024C4
:106B80001FE0214B6500E85A02F038F91F4901F077
:106B900027FEFC21890501F0B9FA01F081FA1C4BAE
:106BA00058531C4BA200D0581B4901F019FEFC2180
:106BB000890501F0ABFA01F073FA184B5853013410
:106BC000E4B2052CDDD9002408E08020C00500F0E7
:106BD0001FFF134BAD0058510134E4B2042C0BD805
:106BE0002500631C0A4A5B00985A63009B5AC11A2D
:106BF0009842EAD10121E8E70A4B0B4A1A600B4B95
:106C000001221A7070BDC046F8A60010022B8F40FA
:106C10009C180020E0A60010610B364320180020CD
:106C200008180020FC1700207F0300003C180020FB
:106C300070B5154B1B88834205D2134B5B89834289
:106C400004D9002307E0114B18881CE00F4B58892A
:106C500019E00133DBB21C005D1C0B4A6900895A44
:106C60008142F6D36600B35AC01A094AA400A35859
:106C70004343DB0B05496D006A5A705A121A53439D
:106C8000DB0BC01880B270BD9C18002020180020BB
:106C90000818002070B5644B1B78002B07D0634A9E
:106CA000138801339BB21380042B03D870BDFFF708
:106CB00065FFF4E7130000221A80FFF753FF5C4BD7
:106CC0001C68001B031164D0E418594B1C60A0B26F
:106CD000FFF7AEFF0500574B1A78574900200B5EAF
:106CE0000988521A12B296115CD089190BB2524A15
:106CF00013801A019B1898B2401980B24F4B18802C
:106D0000C8235B01984203D94C4BC82252011A8018
:106D10004B4B1B78002B4ED14A480568AD114A4BAE
:106D200019688911494A1560494A116000220260B8
:106D30001A60434B40321A70EB17EE185E40CB17C7
:106D4000C9185940002939DD424B4B43DB13642BF2
:106D500000DA6423404A1068002831D03F4A424399
:106D6000D21398422EDA3C4A13603B4B1B68B34265
:106D700000DD00253A4B1B689C4228D2394B00228B
:106D80001A60384B1B882D4A12889B18364A13808C
:106D90008CE7002899D002DD0123E41895E7012350
:106DA0005B42FAE7002AA2D003DD0123CB181BB215
:106DB0009DE72E4BFAE700210025BDE70121C3E73F
:106DC0001A00CEE7B242D0DD234A1360CDE7002D92
:106DD000D7D0EB17E8185840C00300F029FE800117
:106DE000C013032812DD402812DC002D12DD1D4ADD
:106DF00013681B1813601B4B1B681D4A93420EDB64
:106E00001C4A93420DDC174A1360BAE70420ECE7F2
:106E10004020EAE7134A13681B1A1360EBE7144B90
:106E2000F1E7144BEFE7C0463C1800203E18002065
:106E300004180020E4170020001800202C1800205F
:106E40004007002080170020841700202C17002006
:106E500030170020660600001C1800203373000065
:106E6000FC1700203018002050180020FFFF000001
:106E7000E4F8FFFF1C0700002D4B00221A702D4B79
:106E80001B682D4A12689A4201D92B4B1B682B4A6A
:106E900012689A4201D9294B1B68294A934211D999
:106EA000284A11884B1C9BB21380142B0DD91180DA
:106EB000254B01221A701E4B1A70244BFA22D20065
:106EC0001A8002E01F4B00221A80214B1A68214BC6
:106ED0009A4211D9204A11884B1C9BB21380642B13
:106EE0000DD911801D4B01221A70114B1A70174BCE
:106EF000FA22D2001A8002E0174B00221A80184BA7
:106F00001B78184B00221A80104B1B88002B0DD0C9
:106F1000013B9BB20D4A1380002B07D10A4A137024
:106F20000E4A1370104A1370014A13707047C0461E
:106F3000F8170020D4170020D8170020DC170020F5
:106F400000A41F0038180020FB1700203A1800206A
:106F5000D017002000EB410036180020FA1700205F
:106F6000E417002034180020F917002010B56B4BEF
:106F70001A786B4B1B78DBB29A4211D0684B1B78A6
:106F8000002B02D1664B0A221A70654C217898209A
:106F9000400100F03DFD634B188022785F4B1A7072
:106FA000614B1A78614B1B78DBB29A4211D05F4B70
:106FB0001B78002B02D15D4B0A221A705B4C2178A2
:106FC0009820400100F024FD594B18802278564B40
:106FD0001A70584B1B78002B36D1574B1B78002B5F
:106FE00032D1564B1B78002B32D1554B1A78554B6A
:106FF0001B881B0A9A421BD3534B1A78D2B2534BAD
:107000001B78DBB29A4213D3514B1A8892B2514B80
:107010001B889BB29A420BD84F4B1A8892B24F4BA7
:107020001B889BB29A4203D34D4B1B78002B30D068
:107030004C4B1B88002B1BD03D4A1288934213D91E
:1070400048499B1A0B8002E03E4B00221A8010BD7B
:107050003C4A1188C90813885B1A9BB21380424AC4
:10706000136801331360F2E73E4B00221A80EEE70B
:10707000344B1B889BB22E4A1288934205D9314962
:107080000B889B1A9BB20B80E1E72E4B00221A80E3
:10709000DDE7364B1B88002BD9D1294B1A78294BB9
:1070A0001B881B0A9A421DD9274B1A78D2B2274B4C
:1070B0001B78DBB29A4215D9224B1A88194B1B88D0
:1070C000D218F0235B019A4206D3294B1B781B028E
:1070D000934203D3130001E0F0235B019BB2194AF2
:1070E0001380B4E7234B1B78002BB0D0154B1A88C4
:1070F00092B21F4B1B781B029A42A8D1194B1B88D6
:10710000084A12889B181C4A127812029A4202D22C
:10711000194B1B781B02134A138098E7951800201F
:10712000450700204A18002094180020440700203A
:10713000481800204D1700204C170020F817002099
:10714000961800204E18002093180020E417002005
:1071500040180020EC0600204418002042070020C0
:10716000921800204C180020EC1700203A1800203C
:1071700008070020971800209918002010B57C4AB5
:107180001368013313607B4B19680123002401E06D
:107190000133DBB2042B07D8764A9800825891421B
:1071A000F6D211001C00F3E7734B1B688B422CD006
:1071B000714B1960042C1BD0704B1B785BB2002BF9
:1071C00000DA98E06B4A9B009A586D4B1B6893421B
:1071D00000D198E0D31A9BB26A490B80684B1A60C1
:1071E000694B01221A70694A13780133137008E061
:1071F000644B00221A80614BFF321A70624B7F3A57
:107200001A705B4B1A68624B1A60594B1B68604AD4
:1072100012689B1A5F4A128893420DD9594B00227B
:107220001A80564BFF211970554B1A60564B80320D
:107230001A70564B00221A70574B1A68574B1B682E
:10724000934215D0002B00D0D31A54490A60484A03
:107250001168534A1160002B0AD096229200934283
:1072600006D99BB24F4A13804F4A1368013313600B
:107270003F4B1B684A4A12689B1A4C4A934204D9F6
:10728000484B00221A80454B1A60494AC7239B008D
:10729000D25892109205920D464801884900511823
:1072A00003885B189B109BB2018889B2994234D045
:1072B000404A1380404AC6239B00D3589B109B052D
:1072C0009B0D3E4A13803E4B1B889BB2002B33D054
:1072D0003B4B1B889BB280229200934227D9394BAB
:1072E00018780002364B1988090A00F091FB80B229
:1072F000354B188023E0214B1C70214B1960234B28
:1073000000221A707DE71F4B1B889BB2002B00D018
:1073100077E71C4B2D4A1A8073E79A4202D9013352
:107320009BB2C5E79A42C3D2013B9BB2C0E7254B53
:107330001B78254A138002E0234B00221A80244B3D
:107340005A6A920A012313405A425341DBB2214A3E
:107350001370FFF79FFCFFF78FFDFFF707FEFFF7A6
:10736000E7FB1D4B1860FFF7EFFB1C4B186010BDCF
:1073700074180020541800207C18002041070020B9
:1073800078180020461800209B1800209A1800202A
:107390006C180020F00600208818002080180020BB
:1073A00070180020521800208C18002035080000AA
:1073B0000004034842180020000803484418002035
:1073C0004E180020E417002040180020C21D0000C5
:1073D0000000044092180020F4170020F01700204D
:1073E000064B1A89802149010A431A8148215A5AB9
:1073F0008020000102435A527047C04600000540F9
:1074000010B50D4A13681B0AFF210B400B4803609F
:10741000126811400A4A1160002B08D01B02C918DB
:10742000084800F0F5FA4000074B186010BD064B05
:10743000064A1A60FAE7C04600030140AC18002073
:10744000A8180020000024F4FC3F00200048E801B8
:1074500010B5FFF7C5FFFAF70BFB10BD7047000032
:10746000014B188880B2704700000540F8B5040051
:107470000D001700164A9188FF2081439180918862
:10748000C020800101439180002B06D093886121A8
:107490000B439BB2938000260BE00D4A9388A121F9
:1074A0000B439BB29380F6E7FFF7DAFFC007FBD4EC
:1074B0000136BE4206D20023032BF5D802CD02C40A
:1074C0000133F9E7024A9388FF218B439380F8BD8B
:1074D0000000054030B5002505E010C810C101339B
:1074E000032BFAD90135954201D20023F8E730BDCC
:1074F000F0B5C64600B58B08984604339B001E586D
:1075000003250D40ED00F827AF40BE431E50436FEA
:107510004F000326BE40B3434367CB0810339B00A4
:107520001F5807260E40B6000424B440A7431F503E
:107530001F585478B44026003E431E500D4B9842CD
:107540000ED00023D356002B10DB434604339B00A0
:1075500019581278AA400A431A5080BCB846F0BDA8
:10756000036E01268E40B3430366EAE753688B40FF
:107570004360EAE70002044010B50C000DE080080B
:1075800008490B68084A134002021343074A134391
:107590000B60044B1B685B00FBD4A3008342EED35B
:1075A00010BDC04600030140FF000FC00000F03FC7
:1075B00030B50C000EE0012290000A490B680A4D1C
:1075C0002B4092021343094A13430B60054B1B687F
:1075D0005B00FBD48300A34203D20028EBD002005F
:1075E000EAE730BD00030140FF000FC00000F03F9C
:1075F000014BC3225A62704700000140034BC02276
:107600005A62024B5B6A5B07FBD470470000014083
:10761000034A938C01210B439BB293847047C0466D
:107620000010014010B586235B001B68984710BD11
:1076300010B50400FFF7E2FF054B186920431861FD
:10764000034B1B685B00FBD4FFF7D2FF10BDC046A5
:1076500000030140034B9B6803405A1E9341D8B27C
:107660007047C0460003014070B504000D00FFF7ED
:10767000C5FF154B1A68120AFF2010401968134AFB
:1076800011402943124A0A431A600F4B1B685B00E2
:10769000FBD4A04214D82100FFF78AFF0A4A1368DE
:1076A0000C490B4024021C43094B23431360064B37
:1076B0001B685B00FBD4FFF79BFFFFF7A1FE70BDCB
:1076C0002100FFF759FFE9E70003014000FF0FC069
:1076D0000000F03FFF000FC010B50400FFF78EFF61
:1076E000074A136807490B40A1680B4361680B43C5
:1076F0001360FFF77DFF60782178FFF7B5FF10BDBD
:1077000000030140FFFFF0FF014B18687047C046BF
:10771000FC3F002010B5044B984200D010BD04205F
:10772000FFF786FFFAE7C0460000044870B5050081
:107730000C00FFF7EFFF80235B00EB602B68034A30
:107740001340A4031C432C6070BDC046FF3FFFFFE5
:1077500003680A0C93430904090C1943016070473C
:107760000B6843614B799B06DB0F1B0543600B796C
:107770001B071B0F43624B791B071B0F03624B79DF
:10778000DB06DB0F83610B791B09C36270470B6853
:1077900043614B79DB07DB0A43600B791B071B0F47
:1077A00043620B791B09C3627047000010B5436840
:1077B0000324A343194341604369012A03D0044AC7
:1077C0001340436110BD8022D2001343F9E7C04645
:1077D000FFFBFFFF436830229343090119434160D7
:1077E0007047F0B5C64600B54C1EE4B206686500A9
:1077F000EDB22F001037FFB203239846BB409C46E2
:1078000033006646B3439C465378BB4066463343D9
:107810001531CFB20121B9408B439178B94019435A
:107820001935EDB24646AE40B143D378AB400B4379
:10783000A100C9B20F248C40A34312788A4013439D
:10784000036080BCB846F0BD30B50B291AD889005A
:107850000D4B5B589F46032500240DE0C0252D01EC
:107860000A2409E0C025AD00082405E00C25022407
:1078700002E0C025AD010C24A8214358AB43A2402F
:107880001A43425030BDC04604A7001010B5A023D3
:10789000DB05984200D010BD0220FFF7C9FEFAE7D1
:1078A00070B505000C00FFF7F1FF80235B00EB6073
:1078B0002B68034A1340A4031C432C6070BDC046D0
:1078C000FF3FFFFF012303610B6843614B7BDB0636
:1078D000DB0F1B0543600B7B1B071B0F43620B7BFE
:1078E0001B09C3624B7B1B071B0F03624B68836141
:1078F0008B68142253408364704703680A0C9343D7
:107900000904090C194301607047000010B5436871
:107910000324A343194341604369012A03D0044A65
:107920001340436110BD8022D2001343F9E7C046E3
:10793000FFFBFFFFF0B5C64600B54C1EE4B206687B
:107940006500EDB22F001037FFB203239846BB400D
:107950009C4633006646B3439C465378BB4066461C
:1079600033431531CFB20121B9408B439178B940EF
:1079700019431935EDB24646AE40B143D378AB401A
:107980000B43A100C9B20F248C40A34312788A4054
:107990001343036080BCB846F0BD416370470000EC
:1079A00030B50B291DD889000E4B5B589F4600242B
:1079B000032510E00A24C0252D010CE00824C02571
:1079C000AD0008E00424302505E002240C2502E087
:1079D0000C24C025AD01A8214358AB43A2401A4353
:1079E000425030BD34A700104B6803658B68436577
:1079F0000B68C364704710B5436F490003248C4083
:107A0000A3434367436F8A401343436710BD00009D
:107A100010B5EFF3108272B6044B04245C63186255
:107A20005962986A82F3108810BDC0460000034076
:107A300010B5EFF3108272B6044B00245C63186239
:107A40005962986A82F3108810BDC0460000034056
:107A500010B5044B984200D010BD8020FFF7E8FD20
:107A6000FAE7C0460000015070B504000D00FFF7B2
:107A7000EFFF0323E3602B68236070BD03689B075F
:107A800005D103680A681343036000207047012092
:107A9000FCE710B5436F103101248C40A3438A40AA
:107AA0001A43426710BD0000F8B504000E0017002D
:107AB00000F052F9357A002D00D11035002F07D093
:107AC0003379002B26D031682A00200000F088F896
:107AD000F379013B5B006D0801352D022B43144AFD
:107AE0001343E3637379013B1B0681225200134366
:107AF0006363B379002B13D0626B013B1B04134308
:107B00006363A023DB00A36301235B42E364738907
:107B10002364F8BD31682A00200000F00BF8D7E795
:107B2000626B7379013B1B0413436363E9E7C0464F
:107B300001000300F0B5DE464F4680B583B08346B2
:107B40000C001500632941D9002A01D101203EE033
:107B5000FFF7DAFD6421FFF75BFF81466421200017
:107B6000FFF756FF07001C4E012301938023DB0023
:107B700000931C0000E0013C002C12D03900694346
:107B800048466043FFF744FF830A8005800D80224A
:107B9000D2009342EFD88642EDD9060001930094BB
:107BA000E9E7009F013F80231B023B435A461361D4
:107BB00053690A4A1340013DAD022B43019E013E29
:107BC000360433435A465361002000E0012003B0DD
:107BD000C0BCBB46B146F0BDFF030000EF8000FC17
:107BE000F0B5DE4657464E464546E0B583B0804682
:107BF000894617000192FFF787FD06004B465F4359
:107C0000B8424ADD3900FFF713FF0400012506E002
:107C10000135290079433000FFF70AFF0400204BAB
:107C20009C42F5D8019F3900614369433000FFF75A
:107C3000EFFE8346631C9A4639005943694330007E
:107C4000FFF7E6FE4B46181AC317C01858404B46BC
:107C50005A469B1ADA179B185340984200DBA246FB
:107C60008022D2005346D21A8023DB0113434246BE
:107C7000136153690B4A1340019F013FBF023B430D
:107C8000013D2D042B4342465361002003B0F0BC5C
:107C9000BB46B246A946A046F0BD0120F6E7C04665
:107CA000FE030000EF8000FC70B504AC2478456949
:107CB000094E3540002A0DD0102211431B041943F0
:107CC0000C43059B1B021C43069B9B021C432C433D
:107CD000446170BD0022F0E72C8000FC70B5842563
:107CE0006D004459064E344044514459054E3440C9
:107CF0001B020B43120613431C43445170BDC04684
:107D0000FFFFFFF8C0C0FFF870B586256D0044592D
:107D1000074E344044514459064E34401B020B4335
:107D2000120613431C4380235B052343435170BD5C
:107D3000FFFFFFF8C0C0FFEF10B5064B984200D020
:107D400010BD0820FFF774FC0820FFF783FC002813
:107D5000FAD1F5E70800004810B504009023DB05D0
:107D600098420CD0084B984209D00323E360E368A3
:107D7000DB07FCD5236C0F229343236410BD03481B
:107D8000FFF7DAFFF1E7C0460002004808000048AC
:107D900010B5034BFF221A600120FFF749FC10BD0C
:107DA0000005014070B504000D00FFF7F1FF6B699D
:107DB00023606A6880231B0213438022A350AA68B1
:107DC000A023E250EA680433E2502A69DD33FF332E
:107DD000E2502A68C93BFF3BE25070BDF0B5C64691
:107DE00000B5002A19D1CA06D20E90464905490F9E
:107DF0001F26E022D20094460025082728339B0046
:107E00001C5862469443B9402143B1434246AA40BC
:107E10000A431A5080BCB846F0BDCA02D20E904642
:107E20004901490FF8267603E022D2049446102532
:107E30001827E3E770B504000D004968002300220D
:107E4000FFF7CCFF6968002301222000FFF7C6FF7F
:107E5000A968012300222000FFF7C0FFA9680123C1
:107E600001222000FFF7BAFF2A698023E250EA6866
:107E70003833E2502A6853075B0F9101890D0904DA
:107E80000B43F82149006350D300DB0F1B0710019F
:107E9000800F800603439000C00F40070343520049
:107EA000D20F9207134362581343802212061343E2
:107EB000635070BD10B5802283580324A343194337
:107EC000815010BD10B58A4200D90131C0228358BB
:107ED0000324A3431943815010BDC02283580321BA
:107EE0008B4383507047000030B50025002300E02D
:107EF0000133012B06D8094A9C00A2588242F7D1CF
:107F00001D00F5E78D4200D90131C024035903312A
:107F100001228A401343035130BDC04664A70010BC
:107F200010B58423C258184C2240C250C458813B1B
:107F30009C430A7813079B0F2343920701D0082222
:107F40001343842283504A68104B1343802252000B
:107F500083508B68FF3A13430432FF3283500A7810
:107F600003231340022B06D08422815880235B0414
:107F70000B43835010BD82225200815880235B0244
:107F80000B438350F0E7C046FFFFFFFE0080808078
:107F900070B5137B8826845901258D40AC438B40F6
:107FA000234383510D23D356002B17DB012908D01F
:107FB000002922D1B02403591F25AB4303510E00E1
:107FC00005E0B02403590E4D2B400351803EB025EF
:107FD00043590D241457B44023434351C824035933
:107FE00055682B4303510834035995682B430351BB
:107FF0001368803189000B5070BD0026E7E7C0464A
:10800000FFE0FFFF10B580208000FFF711FB10BDDF
:1080100010B50400FFF7F6FFA268034B5A606268D0
:108020001A6122685A6110BD0000024084460800AF
:108030006146FFE71FB500F08FFB002801D4002147
:10804000C8421FBD10B500F01BFB4042013010BDFF
:1080500010B500F081FB002801DB002010BD0120DD
:1080600010BDC04610B500F077FB002801DD0020F0
:1080700010BD012010BDC04610B500F027FB002840
:1080800001DC002010BD012010BDC04610B500F07D
:108090001DFB002801DA002010BD012010BDC046E4
:1080A0009E2110B5C905041CFFF7F0FF002803D17D
:1080B000201C00F083FE10BD9E21201CC90500F08D
:1080C000DDFC00F07BFE80231B069C466044F2E74B
:1080D00070B500220C4B04000D0001F01FFE0028BB
:1080E00004D12000290001F067FD70BD064B00227D
:1080F0002000290001F0DEF901F05EFD80231B065F
:108100009C466044F1E7C0460000E041F8B54746B0
:10811000CE464A0243024500C40F500A804648003A
:108120005B0A000E9209944680B51E00814602004B
:108130002D0EDF00C90F8C4224D0281A00280EDD36
:10814000002A3ED16246002A00D1FDE0421E0128ED
:1081500000D137E1FF2800D1A9E0100039E0002864
:1081600063D04B46521B002D00D0E0E0002F00D121
:10817000CEE0531E012A00D155E1FF2A00D194E040
:108180001A00D9E02A1A002A00DC99E0002862D0FF
:10819000FF2D00D18BE080236146DB0419438C4620
:1081A0001B2A00DCD2E00123DB195A016AD5013514
:1081B000FF2D5BD00122A3491A405B080B401343FB
:1081C0001CE0FF2D00D172E080236246DB041A43DD
:1081D00094461B2800DC90E00123FB1A5A0151D57C
:1081E0009B019E09300001F0A3FD33000538834058
:1081F000854200DC75E0944A2D1A13405A0704D0DA
:108200000F221A40042A00D004335A013CD5681CBE
:10821000FE2D2BD09B015E0AC0B2C0053043E4079F
:108220002043C0BCB946B046F8BDFE206A1C1042CF
:1082300072D1002D00D0AEE0002F00D1ECE06346FB
:108240000020002BE9D0FB1A5A0100D4F3E063466A
:108250000C00DB1BD2E7614600295BD0511E012ACE
:1082600000D1A7E0FF2A22D00A0099E7FF200026CC
:10827000D3E7FE216A1C114273D0FF2AF6D0150005
:1082800067447B085A07BBD1DB08FF2D0FD05B0288
:108290005E0AE8B2C1E76246002A08D08022D20313
:1082A000134204D04046104201D10C004346002B3B
:1082B000DCD08026F6031E437602FF20760AACE768
:1082C000002AD6D0421B002D5CD0FF28EED08023A0
:1082D000DB041F431B2A00DC82E001234D4663447C
:1082E00063E72022401B0130121A19009340C1405D
:1082F0005A1E934100250B4380E7202361461B1A39
:10830000994062460B00C240591E8B41134364E7FB
:108310000C0043461500B8E76346FE1A730145D4C6
:10832000002E00D05EE700240020002675E7FF2B1A
:10833000BBD08023DB041F431B2A47DD0123624699
:108340000C004D46D31A49E705009EE761462023FD
:10835000D1409B1A62469A4013005A1E93410B4328
:1083600022E7002D46D1002F62D063460020002B6B
:1083700000D152E73B0063445A0183D5324A0135AC
:1083800013407FE7002FC4D0531E012A12D0FF2ACA
:108390008CD01A009EE7002F00D07CE76346002BAC
:1083A00083D180260024FF20F60336E763460C00C5
:1083B000DE1B17E73B00634401255A0100D461E747
:1083C0000225F7E663460125FB1A07E720239B1ADF
:1083D00038009F403B00D0405A1E93410343AEE714
:1083E00020239B1A39009F403B00D1405A1E9341E5
:1083F0000B4373E7002F00D158E76246002A00D1F3
:1084000055E78022D203134200D150E74146114282
:1084100000D04CE743464AE76346002B83D00C006C
:1084200046460020F9E663460C00DB1B0135D5E625
:1084300046460020F1E6002B00D023E7002400266A
:10844000EBE6C046FFFFFF7DFFFFFFFBF0B54F46A9
:108450004646D6464502C0B547000C1C6D0A3F0E85
:10846000C60F002F00D16FE0FF2F00D174E0002372
:10847000802299469A46ED00D20415437F3F63025D
:108480005B0A984663001B0EE40F002B4DD0FF2BB8
:1084900045D042468021D200C904114388460022BB
:1084A0007F3B3100FF1A4B466140C9B20F2B00D908
:1084B000B8E070489B00C3589F46002398462600AA
:1084C000454692465346022B00D18DE0032B00D146
:1084D000A1E0012B18D03B007F33002B6DDD6A0734
:1084E00004D00F222A40042A00D004352A0103D5E3
:1084F000614B1D403B008033FE2B00DD74E0AA0180
:10850000520AD8B202E00E0000200022C005F60791
:1085100010433043E0BCBA46B146A846F0BD4346DE
:10852000002B3FD10222FF3F03E04346002B2DD119
:10853000012231004B466140C9B213430F2B38D89A
:108540004E489B00C3589F46002D13D104239946E3
:10855000033B00279A4692E7002D05D10823994650
:10856000063BFF279A468AE70C239946093BFF27DB
:108570009A4684E7280001F0DBFB7627431F9D40E5
:1085800000237F4299469A463F1A78E7404601F019
:10859000CFFB4246431F9A4076235B4290461B1A0C
:1085A00000227EE703234A461A439146FC33032206
:1085B00077E70E00FF200022A8E70122D31A1B2B29
:1085C000A2DC9E372A00BD40DA406B1E9D41154358
:1085D0006A0704D00F222A40042A00D004356A0119
:1085E00044D50120002291E7FF2000228EE780225F
:1085F0000026FF20D20389E7002398468022D20379
:10860000154208D04346134205D11A4352022600B0
:10861000FF20520A7AE78022D2032A435202FF2027
:10862000520A73E742466B015501AB421AD21B2036
:108630000022013F01261C0052005B00002C01DBE0
:108640009D4201D85B1B324301380028F3D1581EEC
:10865000834113431D003B007F330E00002B00DDE0
:108660003DE7AAE71A2001225B1BE3E7AA010020ED
:10867000520A4BE76CA70010FFFFFFF7ACA70010F2
:1086800070B5420045024E024C00C30F6D0A012036
:10869000120E760A240EC90FFF2A06D0FF2C03D033
:1086A000A24201D1B54206D070BD002DFCD1FF2CF5
:1086B000FAD1002EF8D18B4206D00120002AF3D146
:1086C0002800431E9841EFE70020EDE770B5420017
:1086D00045024E024C00C30F6D0A120E760A240E9C
:1086E000C80FFF2A1BD0FF2C0ED0002A1BD1002C54
:1086F00001D1002E1CD0002D0CD083421CD00221B1
:10870000581E0840013870BD002E22D1002AF4D135
:10871000002DF2D10028F6D101204042F3E7002DD0
:1087200017D1FF2CF0D0002CE7D1002EE5D1E6E7E1
:108730000020002DE7D0E2E7A24205DCEADBB542EB
:1087400002D8E7D30020DEE7434258414000013819
:10875000D9E702204042D6E770B5420045024E02FA
:108760004C00C30F6D0A120E760A240EC80FFF2AA2
:108770000BD0FF2C0DD0002A1FD1002C16D1002EBB
:1087800014D10020002D10D009E0002D0CD1FF2CB9
:1087900013D1002E08D1002A08D0834212D0022122
:1087A000581E0840013800E0022070BD002DF4D1B1
:1087B0000028FAD101204042F7E7002CEDD1002E2D
:1087C000EBD1ECE7A24205DCF2DBB54202D8EFD3F5
:1087D0000020EAE74342584140000138E5E7C0463F
:1087E00043025B0AF0B54F4646469946D646C30F4C
:1087F00045009846C0B54B460F1C2D0E00D1CBE06E
:10880000FF2D00D1CFE08022DB00D2041A430023E9
:10881000914600269A467F3D7C027B00640A1B0E2F
:10882000FF0F002B00D1A9E0FF2B11D08022E40024
:10883000D204144342467F3B5B197A400020D2B2F7
:108840005D1C0A2E13DD3A000B2E47D047463FE051
:108850002B00FF33002C1ED1022216434246013565
:108860007A40D2B2FF350A2E00DDE4E00220022E6B
:108870001CDC013E012E42D802283DD0012866D1E1
:1088800000200021C0050843D2071043E0BCBA46CF
:10889000B146A846F0BD03221643424601357A4050
:1088A000D2B2FF350A2E00DDE4E003200121B14001
:1088B000A626F60031420AD19026B600314216D1E2
:1088C000B93EFF3E0E421AD0A146824600E0170094
:1088D00053463A00022B0FD04C4650460328CDD1C8
:1088E0008021C90321434902FF20490ACAE78021A8
:1088F0000022FF20C903C5E7FF200021C2E7200CAA
:1089000049462404240C27000E0C0904090C744366
:108910004F4346434843390C001909188C4203D988
:1089200080204002844666443F0408043F0CC0197E
:108930008401671EBC41090C800E8919044389011A
:108940000C43090171D5012361081C400C432B0025
:108950007F33002B51DD610704D00F212140042912
:1089600000D00434210103D5434B1C402B0080333D
:10897000FE2BC1DCA101490AD8B283E7002C2CD11F
:10898000012342461E432B007A400120D2B25D1CD7
:108990000A2E00DD57E76AE7002B10D101230426D9
:1089A00000259A4638E7002B04D102230826FF252C
:1089B0009A4631E703230C26FF259A462CE74846C2
:1089C00001F0B6F94A46431F76259A4000236D42CE
:1089D000914600269A462D1A1EE7200001F0A8F9BC
:1089E0004246431F9C402B1A763B7A400020D2B26D
:1089F0005D1C0A2E00DD26E739E70121CB1A1B2B6F
:108A000000DD3DE79E352100AC40D940631E9C410E
:108A100021434B0704D00F230B40042B00D004311B
:108A20004B0104D5012000212CE71D008FE78901AF
:108A30000020490A26E702230F2E0CD180214B4645
:108A4000C9030B420DD00C420BD1214349023A001D
:108A5000FF20490A16E70B2E00D0F7E6A1469A46FA
:108A600036E780214B46C903194349024246FF209D
:108A7000490A07E70323DFE7FFFFFFF7F0B5C64624
:108A800043025B0A4500DA00C40F48024F009446D7
:108A9000420A1E00904600B52D0E3F0EC90F8009F8
:108AA000FF2F59D0012251408C4239D0EA1B002AB5
:108AB00058DD002F68D0FF2D00D1D1E08023DB04EA
:108AC00018431B2A00DCE3E001236246D31A5A0153
:108AD00000D4ACE09B019E09300001F029F933007D
:108AE00005388340854200DCC6E0B24A2D1A1340A7
:108AF0005A0704D00F221A40042A00D004335A0126
:108B000000D497E06A1CFE2D00D184E09B015E0A30
:108B1000D2B2D0053043E407204380BCB846F0BD54
:108B2000EA1B002A41DD002F6BD0FF2D00D197E01A
:108B30008023DB0418431B2A00DCCCE001236344C0
:108B40005A0174D50135FF2D65D001229A491A408A
:108B50005B080B401343CBE700281FD08C4222D088
:108B60002A00FF3A002A35D07A1B002D00D099E068
:108B70006346002B00D1DDE0531E012A00D105E140
:108B8000FF2A6BD01A0094E0002873D0511E012AEE
:108B900000D1DFE0FF2A63D00A0092E701225140B2
:108BA000A14200D082E72A00FF3A002A36D07A1B81
:108BB000002D00D1AAE0FF2F00D1DAE0802361462A
:108BC000DB0419438C461B2A00DCD4E001233D0062
:108BD0001B18B5E7FE276A1C174271D1002D00D083
:108BE0009EE06346002B00D1D5E00022002800D192
:108BF0008FE71B1A5E0100D4D6E063460C00C31A4F
:108C000076E7002836D0511E012A00D19AE0FF2ACB
:108C100026D00A008FE7FF2200267AE7FE276A1C8B
:108C2000174262D0FF2AF6D01500604443085A0765
:108C300000D05FE7DB08FF2D12D05B025E0AEAB2CC
:108C400067E76246002A00D193E0002808D080221E
:108C5000D203134204D04046104201D10C004346D7
:108C6000002BD8D08026F6031E437602FF22760A18
:108C70004FE743461500DEE72022401B0130121A61
:108C800019009340C1405A1E934100250B432FE722
:108C900020239B1A010098400300D1405A1E9341A3
:108CA0000B4312E7FF2FD9D080236446DB041C431B
:108CB000A4461B2A52DD01230C003D00C31A06E71F
:108CC00063461E1A730139D4002E00D004E7002435
:108CD000002200261DE720239B1A01009840030074
:108CE000D1405A1E93410B4329E7002DA9D1634679
:108CF000002B56D00022002800D10AE7030063446D
:108D00005A0194D52B4A0135134090E76346002B56
:108D1000AFD0531E012A15D0FF2A2AD01A0052E7DD
:108D20006246002A91D1002898D180260024FF2293
:108D3000F603EEE60C00434615007CE763460C00A4
:108D4000C61AC9E60300634401255A0100D46EE740
:108D50000225FAE6634601251B1AB8E6644620237D
:108D6000D4409B1A62469A4013005A1E93412343F3
:108D7000A2E7434674E761462023D1409B1A62462E
:108D80009A4013005A1E93410B4320E763460C00A0
:108D90000125C31A9BE6002899D00C004646002204
:108DA000B7E646460022B4E6002B00D03FE7002499
:108DB0000026AEE6FFFFFFFBFFFFFF7D4102420002
:108DC000C30F490A0020120E7E2A03DD9D2A02DD10
:108DD000094A98187047802000040143952A07DC4F
:108DE0009620821AD1404842002BF3D10800F1E7C7
:108DF000963A9140F7E7C046FFFFFF7F70B5002825
:108E000013D0C317C5185D40C40F280000F090FFB1
:108E10009E2301001B1A962B0FDC082831D008393D
:108E20008D406D026D0AD8B202E0002400200025BA
:108E3000C0052843E407204370BD992B0CDD0522B3
:108E4000121A2800D040020008001B30854028007C
:108E5000451EA84102431500052916DC2A000F48CB
:108E600002406E0709D00F263540042D05D004328C
:108E7000550102D59F2302405B1A9201550AD8B2D0
:108E8000D6E76D0296206D0AD2E74A1F95402A0068
:108E9000024802406E07F0D0E5E7C046FFFFFFFB47
:108EA00070B5041E0ED000F043FF9E2301001B1A74
:108EB000962B0CDC08282CD008398C406402640AFC
:108EC000D8B201E000200024C005204370BD992BDA
:108ED0000ADD020020001B3290400200501E824139
:108EE0000520401AC4401443052916DC22000F480F
:108EF0000240650709D00F252C40042C05D0043210
:108F0000540102D59F2302405B1A9201540AD8B241
:108F1000DAE764029620640AD6E74A1F94402200EA
:108F2000024802406507F0D0E5E7C046FFFFFFFBBF
:108F3000F0B54546DE4657464E46E0B51F000B03EA
:108F40001B0B9B464D00CB0F04009146984687B003
:108F50006D0D00D1CDE1CE4B9D4200D1E9E15A46E5
:108F6000430FD2001343802212041A43C3009A46CF
:108F7000C84B93469C4600230026654400933C035F
:108F80007B004846240B5B0DFF0F002B00D189E1CD
:108F9000BF4A934219D0420FE400224380242404A4
:108FA0001443BC4A00219446424663445B19019332
:108FB000019B7A400133C000D2B202930A2E1CDD1D
:108FC0003A000B2E5ED0474656E04946B04B21434F
:108FD000EB18019300292AD18020022200012B00E6
:108FE00084461643424663447A40D2B202930A2E24
:108FF00000DD31E2002000240221022E26DC013EA9
:10900000012E52D802294CD0012900D018E10023AA
:10901000002400251B052343D20713432800190011
:1090200007B0F0BCBB46B246A946A046F0BD8021C1
:10903000032209012B008C461643424663447A40C2
:10904000D2B202930A2E00DD28E203210125B540A9
:10905000AC46A6266346F600354033420BD1902637
:10906000B600334218D1B93EFF3E1E421DD0A34682
:109070008246009100E0170000993A00022910D0C2
:109080005C4650460329BFD180231B031C432403A5
:1090900005007F4B240BBDE7802400227C4B24037A
:1090A000B8E7002400257A4BB4E753461E04360C7B
:1090B0001F0C3300010C0004000C434398460300CE
:1090C0007B43994633004B439C4643460D001B0CA3
:1090D0009A467D43CC44D4440095E14504D980238D
:1090E0005B0299464D44009563461B0C1D00634688
:1090F0001B049C4643461B041B0C98466346434492
:109100000393230C984633002404240C63439C46A9
:1091100023007B43994643465E435F434E44634688
:10912000B2461E0C5644B14503D980235B029946D2
:109130004F44330C99463B004B4405936346AC4681
:109140001F043F0C3604F619B444634604935B468F
:109150001B0C9C465B461F043F0C3B004343994657
:10916000634643439A464B4660461B0C9B46484326
:109170007943514459448A4503D980235B029A4676
:1091800050440B0C9A464B461B041B0C99463B0063
:109190006343090445464944994663465C436B432F
:1091A0009C464B461B0C98466F433F19474450441E
:1091B000BC4203D980235B029846C444049B009DB3
:1091C00098464544B542B641734298464B461E0404
:1091D000059B3C049946360CA4194C44A146834691
:1091E0006E18C1448E428941CB445D4649426D1898
:1091F0009C42A441C1459B41834580418D428941A8
:109200005B4264421C434042039B4942014370025B
:109210003F0C1843E419471EB84164186444F60D26
:1092200061023043EC0D6E020C433043C90100D49F
:10923000F1E00121430801400B43E00718436408B3
:109240001549029B8C466344002B00DC97E04107E4
:1092500009D00F210140042905D0011D8142804120
:10926000404224180800E10106D58021C9008C463F
:109270000A4B1C40029B634409498B4200DD10E706
:109280006107C50864025B050D43240B5B0DC1E655
:10929000FF07000001FCFFFFFF030000FFFFFFFED0
:1092A000FE0700004B46234359D0002C00D1A3E019
:1092B000200000F03DFD010003000B391D22521A71
:1092C00049461800D1404A46083882408440100080
:1092D0000C43744AEB1A9446424663440193019B43
:1092E0007A4001330021D2B202930A2E00DD67E6F4
:1092F00083E65B4603439A462AD05B46002B6DD03B
:10930000584600F015FD010003000B391D22521ACA
:10931000210018005D46D140083885400A0084408D
:109320002A439346A2465F4D0026ED1A0023009380
:1093300025E65B4603439A4605D100239B4602334C
:10934000082600931BE6032382460C26009316E6AC
:1093500000239B4601330426002500930FE6424676
:10936000013301951E43019B7A4001330024002004
:109370000121D2B202930A2E00DD21E63DE6012151
:10938000C91A382900DD42E61F2947DD1F262500BE
:109390007642F31ADD402B00202905D04249029D78
:1093A0008C466544AC402043411E88411843072346
:1093B0001D000024054003424AD00F23002403402F
:1093C000042B42D0031D83428041404224181800E0
:1093D00023023AD50123002400251BE600F0A8FC57
:1093E00001000300153120331C298FDD08380022CD
:1093F00084409246A34696E700F09AFC01000300E1
:10940000153120331C2900DC58E702004C46083A8D
:10941000002094405DE7019B029311E7234B260057
:109420009C460300029DCB406544AE401E430300B2
:10943000AB40581E834130001843CC404307C7D08F
:109440000F230340042BBDD1C2E765076402240B40
:10945000C00800230543DDE5002502230F2E0CD1B3
:1094600080245B46240323420ED021420CD10C43BE
:1094700024033A000E4B240BCCE50B2E00D0A2E5C2
:109480008B46AA460093F7E580245B4624031C43E1
:10949000240342465546064B240BBBE54D462100AE
:1094A0000323DBE70DFCFFFF3E0400001E04000069
:1094B000FF070000F0B557464E464546DE46E0B58C
:1094C0000D000400190010002B035B0A620F1A4301
:1094D000E3000C03640A470F2743D04C6E0091460B
:1094E00083B04A00C0009846A246760DED0F520D9B
:1094F000C90F0190A24200D1B9E0012461408B461E
:109500008D4200D18DE0B41AA446002C00DCB7E0F7
:10951000002A00D1CBE0C14A964200D186E18022E8
:10952000120417436246382A00DDA4E11F2A00DD39
:109530001DE2614620223C00521A010090409440F6
:10954000421E90416246A0466446D7404A46E140EA
:109550004446D21B91460C4304431C1BA342924138
:109560004B4652429B1A9A4653461B0200D42BE1AB
:1095700053465A02530A9A465346002B00D166E1DD
:10958000504600F0D5FB0300083B20222000D21AF1
:109590005146D040994002009C400A439E4200DD63
:1095A00064E19B1B591C1F2900DDFEE020231000F5
:1095B00026005B1A9C409840CE40CA40631E9C41E6
:1095C0003043924600260443630709D00F2323400B
:1095D000042B05D0231DA342A4416442A2441C00D5
:1095E00053461B0200D4F2E08C4B01369E4200D160
:1095F0000FE153468A49E4080B4019005B072343F7
:1096000072054C02240B520D12052243ED072A432A
:109610001800110003B0F0BCBB46B246A946A046F4
:10962000F0BDB41AA446002C59DD002A00D1B0E0E8
:10963000564500D1FAE08022120417436246382AC8
:1096400000DDD4E01F2A00DCC0E13900203AD1401F
:109650006246202A06D064464022121B3C009440F9
:1096600004430194019C621E94410C43C3E03C00FE
:1096700004432BD08B468D422ED06A4CA446B44472
:109680006446002C5FD0941BA446002E00D020E13D
:109690004C461C4300D1C7E161464C1E012900D154
:1096A00023E25E4DAC4500D1D8E1A4461AE13A0070
:1096B000024300D1E4E02200013A012C00D1C3E1D1
:1096C00056498C4200D1B1E094462BE70124614019
:1096D0008B468D4200D016E752498C46B44464460E
:1096E000002C00D1D3E0911B8C46002E00D15EE10E
:1096F0004A498A4200D1BEE180214C4609040C430C
:10970000A1466146382900DDBAE11F2900DD27E2C4
:109710002024641A4946A1401E0088466146A340A1
:10972000CE4041465C1EA341314319430C006346C1
:109730004946D9407F18241884429B415B429A468F
:109740001600BA445DE0384C721C224200D0DFE0C3
:109750004A461A43002E00D05CE1002A00D1CFE136
:109760003A00024300D17FE11C1A4A46A3428941D4
:10977000D21B4942521A9246120200D40AE2C41A7B
:10978000A04280414B464042FF1A3B1A9A465D4632
:109790001AE73A00024373D02200013A012C00D1AB
:1097A000CBE0544542D0944648E710001F3BD840D8
:1097B000202903D040235B1A9A401443631E9C4126
:1097C000002300269A460443630700D0FEE6524673
:1097D000E308520713435246B446D2080F498C455A
:1097E0002AD01203140B62465205520D0CE73C00BE
:1097F0000443621E9441E4189C42924152424A44FE
:10980000924653461B02DFD5044B01369E4200D0E0
:10981000A0E0320000240023F6E6C046FF07000067
:10982000FFFF7FFF01F8FFFFFE070000DB084A464D
:10983000520713434A46D2081900114300D1B5E13B
:109840008024240314432403D54A240BDCE620009F
:1098500000F06EFA030018331F2B00DC95E622009F
:109860000838824000249E4200DC9AE6F61ACD4B6E
:109870001A409246A8E63C000443621E94416CE6FE
:109880004A46DB08520713434A46D208A6E7C64CAD
:10989000721C224200D0ACE04A461A43002E00D08F
:1098A00005E1002A00D156E13A00024300D1DBE095
:1098B0001C189C429B414F44BA465B429A44534613
:1098C0001B0200D480E75246B64B01261A4092464E
:1098D0007AE7B34CA24200D1C0E080244D46240474
:1098E0002543A9466446382C53DC61461F2C00DD15
:1098F000CDE020251E002D1B4C46AB40AC40CE4099
:109900005D1EAB41344323434C46CC403F1B45E0F6
:109910004A461C1AD11BA3429241524292460A0067
:109920005146521A9246120200D583E05346234311
:1099300000D021E60022002553E71C189C429B41E1
:109940004F44BA465B429A44534601261B0200D458
:109950003AE702265246934B01211A401300214058
:1099600062080A43DC075B089A4614432CE6390078
:10997000203AD1406246202A06D064464022121B7B
:109980003C00944004430194019C621E94410C43AA
:10999000E3E5494619430B005C1EA341C41AA042EB
:1099A0009B415B42FB1A9A465D461600DCE5494640
:1099B000194300D1AEE0614664460139012C00D163
:1099C000E0E0774CA44556D08C469AE661462022CA
:1099D0003C00521A944001009040A0466446421E4A
:1099E00090416246E1404446D7400C430443B944A9
:1099F00001E76B498A4200D10CE7181898429B4155
:109A00004F445B42FB18DC0740085B089A4616008F
:109A10000443D9E6002A00D081E03B0003431DD176
:109A20008022002512030BE7C0087B075D46034335
:109A3000FA08D3E6C41AA04280414B464042FF1ABE
:109A40003B1A9A465D4697E51C1A4A46A3429B413B
:109A5000D71B5B42FB1A9A46012685E5C0087B07A7
:109A60005D460343FA08E7E64A46DB08520713431C
:109A70004A46D208B5E6C0087B070343FA08DBE68E
:109A8000494619430B00591E8B411C0053E64D46B5
:109A9000203CE540202905D04024641A4946A140D5
:109AA0000B43984643465C1EA3412B4376E7002AAE
:109AB000E1D03A00DB08024300D1B8E64A4652073B
:109AC000802413434A462403D208224207D0FE08CA
:109AD000264204D15D463200C3087F073B43590F3D
:109AE000DB004907DB080B43A6E6C41AA04280410D
:109AF0004B464042FF1A3B1A9A465D46012633E523
:109B00003B00034300D115E7C0087B075D460343D4
:109B1000FA0866E6C0087B070343FA085EE63A00E7
:109B2000DB08024300D182E64A46520780241343F1
:109B30004A462403D208224207D0FE08264204D116
:109B40005D463200C3087F073B43590FDB00DB084B
:109B500049070B4370E6C0087B070343FA0840E659
:109B60004C462039CC406146202906D0664640212B
:109B7000891B4E468E40334398464346591E8B41BF
:109B80001C43D8E51C18844280414F44BA464042E9
:109B90008244D9E65346234300D1CBE614E6C046BF
:109BA000FF070000FFFF7FFFFE0700000023014AC0
:109BB0001C0029E5FF0700000A0030B5134C5300D4
:109BC00009030500090B00205B0DD20FA34204DD41
:109BD0000F48834202DD0F4BD01830BD8020400378
:109BE00001430D48C01A1F2808DD0C48C31AD9408C
:109BF0000B005842002AF0D11800EEE7084CC5408F
:109C0000A446634499400B002B43F2E7FE03000097
:109C10001D040000FFFFFF7F330400001304000059
:109C2000EDFBFFFF70B542024300C40FFE201B0E88
:109C3000591C550A08420CD0E02189008C466D075A
:109C4000120B63441B051343E40723432800190048
:109C500070BD002B14D1002D1BD0280000F068F837
:109C60000A281CDC0B232A001B1ADA4003001533D8
:109C70009D400E4B12031B1A5B05120B5B0DE1E7B7
:109C8000002D09D0130B802212031A436D07084BD5
:109C9000D8E700230022D5E70022054BD2E70300D6
:109CA0002A000B3B9A400025E3E7C04689030000E9
:109CB000FF0700008446100062468C461900634688
:109CC00000E0C0461FB500F0F9F8002801D40021DB
:109CD000C8421FBD10B500F049F84042013010BD28
:109CE00010B500F0EBF8002801DB002010BD0120CA
:109CF00010BDC04610B500F0E1F8002801DD0020DD
:109D000010BD012010BDC04610B500F071F800284C
:109D100001DC002010BD012010BDC04610B500F0D0
:109D200067F8002801DA002010BD012010BDC046F0
:109D30001C2101231B04984201D3000C10391B0A7B
:109D4000984201D3000A08391B09984201D300093F
:109D5000043902A2105C40187047C0460403020296
:109D6000010101010000000000000000F0B54E46B6
:109D70004546DE4657469046E0B517001A03120BDB
:109D80000500844619480E034C0091465A00DB0F2B
:109D90009B46360B640DC90F520D844219D0824286
:109DA00010D0012094420ED14E450CD10120C44563
:109DB00009D1594517D0002C05D130002843431E46
:109DC000984100E00120F0BCBB46B246A946A0463F
:109DD000F0BD330001202B43F5D1A242F3D14B4615
:109DE0003B43F0D1E2E70020EDE7C046FF0700006B
:109DF000F0B54746CE460400180016001B031B0BA7
:109E00002D4D4A00994680B543000F03A446B04645
:109E10003F0B520DC90F5B0DC00FAA4221D0AB42C0
:109E200013D0002A22D13C43002B02D14D462E43B1
:109E300022D0002C10D0814222D0022001390840CB
:109E40000138C0BCB946B046F0BD4D462E4329D1BD
:109E5000002AF0D13C43EED10028F2D1012040424B
:109E6000EFE73D0025431DD19342EED0002BE2D118
:109E70004C462643DFD1E0E70020002CE1D0DCE7B0
:109E80009A420ADCE8DB4F45D7D80ED000204F4578
:109E9000D7D20029E2D00800D3E74342584140001E
:109EA0000138CEE702204042CBE7C445C5D80020A8
:109EB000C445C6D2EDE7C046FF070000F0B54746EF
:109EC000CE460400180016001B031B0B2C4D4A0045
:109ED000994680B543000F03A446B0463F0B520D90
:109EE000C90F5B0DC00FAA420DD0AB4210D0002AA3
:109EF00027D13C43002B11D14D462E430ED10020DB
:109F0000002C15D00EE03D00254310D1934218D10E
:109F10004D462E430BD1002A02D13C43002C0BD0DE
:109F2000814214D0022001390840013800E00220AB
:109F3000C0BCB946B046F0BD0028F9D1012040426E
:109F4000F6E7002BECD14C462643E9D1EAE79A42EA
:109F500004DD4342584140000138E9E79A42EBDB17
:109F60004F45DFD806D000204F45E1D20029E5D08B
:109F70000800DDE7C445D5D80020C445D8D2F5E7B0
:109F8000FF07000003008218934200D17047197048
:109F90000133F9E770B500260C4C0D4D641BA4107D
:109FA000A64209D10026FDF759FA0A4C0A4D641B56
:109FB000A410A64205D170BDB300EB5898470136F6
:109FC000EEE7B300EB5898470136F2E74807002068
:109FD000480700204807002048070020802500008F
:109FE000000808011000000006000000F00000005A
:109FF000040100000001000000000000100000004B
:10A000000000007000100000F60000000D010000CC
:10A01000000100000000000005000000000000003A
:10A0200002000000F00000000D0000007878000041
:10A030000000000007010000000000000000000018
:10A04000050000000000000002000000F000000019
:10A050000D000000787800000000000007010000FB
:10A0600000000000000000000500000000000000EB
:10A0700002000000F00000000D00000078780000F1
:10A0800000000000070100000000000000000000C8
:10A09000010000400000000000000000F00000008F
:10A0A00007010000000000000000000000000000A8
:10A0B000F0100000000000000000000000000000A0
:10A0C000F40100000000000000010000000000009A
:10A0D0000000000000000000000000000000000080
:10A0E0000000000000000000000000000000000070
:10A0F000000000001000000000000000B800000098
:10A100000000010010000000000000000800000036
:10A11000000000000800000000000000080000002F
:10A12000000000001000000000000000100000000F
:10A130000000000008000000000000008000000097
:10A1400000000100A800000000000100A8000000BD
:10A1500000000100B800000000000100B80000008D
:10A1600000000100A800000000000100A80000009D
:10A17000000001009000000000000100000000004D
:10A18000000000000000000000000000800000004F
:10A1900000000100000100000000010000000000BC
:10A1A0000C3B0010163B00102E3B00104E3B0010E5
:10A1B0007E3B0010AC3B0010CA3B0010E63B001099
:10A1C000123C0010843F0010123F0010183F001096
:10A1D0001E3F0010243F00102A3F0010303F0010A7
:10A1E000363F00103C3F001048480010D648001091
:10A1F000DE480010E6480010EE480010F648001057
:10A20000FE48001006490010264900103A49001087
:10A21000424900104A490010524900105A490010A2
:10A22000624900106A490010724900107A49001012
:10A230001E4E0010DC4E0010144F00103A4F00105C
:10A240004C4F0010904F0010A44F0010B64F00105C
:10A25000025000102A5000103C50001072500010A4
:10A26000845000102853001036520010485200103D
:10A270005A5200106E520010805200108652001088
:10A280008C5200102C530010A6520010B85200102F
:10A29000CA520010DE520010F25200100453001097
:10A2A000165300101C530010225300100C5B0010BA
:10A2B000565B0010B45B0010205C0010525C001074
:10A2C0000000240348066B098C0CAB0FC812E21582
:10A2D000F9180C1C1A1F2422282527281F2B112EA1
:10A2E000FC30DF33BA368D39573C173FCE417B44C3
:10A2F0001D47B449404CC04E34519B53F65543580A
:10A30000825AB45CD75EEC60F262E964D066A768FA
:10A310006E6A246CCA6D5F6FE3705572B673057513
:10A3200042766C7785788A797D7A5D7B2A7CE47CBD
:10A330008A7D1E7E9D7E0A7F627FA77FD97FF67F02
:10A34000FF7FF67FD97FA77F627F0A7F9D7E1E7E7B
:10A350008A7DE47C2A7C5D7B7D7A8A7985786C773E
:10A3600042760575B6735572E3705F6FCA6D246CE3
:10A370006E6AA768D066E964F262EC60D75EB45C8E
:10A38000825A4358F6559B533451C04E404CB44901
:10A390001D477B44CE41173F573C8D39BA36DF33DA
:10A3A000FC30112E1F2B2728282524221A1F0C1CB5
:10A3B000F918E215C812AB0F8C0C6B094806240380
:10A3C0000000DCFCB8F995F674F355F038ED1EEAA0
:10A3D00007E7F4E3E6E0DCDDD8DAD9D7E1D4EFD162
:10A3E00004CF21CC46C973C6A9C3E9C032BE85BB20
:10A3F000E3B84CB6C0B340B1CCAE65AC0AAABDA7B9
:10A400007EA54CA329A1149F0E9D179B30995997A7
:10A410009295DC933692A1901D8FAB8D4A8CFB8A6E
:10A42000BE8994887B8776868385A384D6831C83A4
:10A430007682E2816381F6809E80598027800A803F
:10A4400000800A80278059809E80F6806381E281A7
:10A4500076821C83D683A384838576867B879488C3
:10A46000BE89FB8A4A8CAB8D1D8FA1903692DC93FE
:10A47000929559973099179B0E9D149F29A14CA333
:10A480007EA5BDA70AAA65ACCCAE40B1C0B34CB6A0
:10A49000E3B885BB32BEE9C0A9C373C646C921CCA7
:10A4A00004CFEFD1E1D4D9D7D8DADCDDE6E0F4E3AC
:10A4B00007E71EEA38ED55F074F395F6B8F9DCFCC1
:10A4C0000303060205010401000002010405030064
:10A4D0000203020302030303040305030703080343
:10A4E0000A030C030E0310031203150317031903C9
:10A4F0001B031C031E031F032003200320031F0351
:10A500001E031C031A03170313030E03080302039D
:10A51000FA02F202E802DD02D202C502B702A80284
:10A5200098028702750261024D0237022002090279
:10A53000F001D601BB01A001830166014801290198
:10A540000A01EA00C900A800870066004400220052
:10A550000000DEFFBCFF9AFF79FF58FF37FF16FFB0
:10A56000F6FED7FEB8FE9AFE7DFE60FE45FE2AFE90
:10A5700010FEF7FDE0FDC9FDB3FD9FFD8BFD79FDEC
:10A5800068FD58FD49FD3BFD2EFD23FD18FD0EFD28
:10A5900006FDFEFCF8FCF2FCEDFCE9FCE6FCE4FC4C
:10A5A000E2FCE1FCE0FCE0FCE0FCE1FCE2FCE4FCC1
:10A5B000E5FCE7FCE9FCEBFCEEFCF0FCF2FCF4FC57
:10A5C000F6FCF8FCF9FCFBFCFCFCFDFCFEFCFEFCD4
:10A5D000FEFCFEFCFEFCFDFCFCFCFBFCF9FCF8FCBC
:10A5E000F6FCF4FCF2FCF0FCEEFCEBFCE9FCE7FC16
:10A5F000E5FCE4FCE2FCE1FCE0FCE0FCE0FCE1FC6E
:10A60000E2FCE4FCE6FCE9FCEDFCF2FCF8FCFEFC00
:10A6100006FD0EFD18FD23FD2EFD3BFD49FD58FDF9
:10A6200068FD79FD8BFD9FFDB3FDC9FDE0FDF7FDE4
:10A6300010FE2AFE45FE60FE7DFE9AFEB8FED7FEA5
:10A64000F6FE16FF37FF58FF79FF9AFFBCFFDEFFCB
:10A6500000002200440066008700A800C900EA004C
:10A660000A012901480166018301A001BB01D6014D
:10A67000F0010902200237024D02610275028702D1
:10A680009802A802B702C502D202DD02E802F20275
:10A69000FA02020308030E03130317031A031C0331
:10A6A0001E031F032003200320031F031E031C039C
:10A6B0001B03190317031503120310030E030C03E6
:10A6C0000A03080307030503040303030203020349
:10A6D000050400050305050404050501050204053C
:10A6E0000000000000000040000080400000F0403A
:10A6F00000003041000060410000F401E803D00791
:10A70000B80BA00F56780010567800106C78001027
:10A710006C78001084780010847800108478001021
:10A7200084780010647800105C7800107278001053
:10A7300072780010AE790010AE790010CA7900105E
:10A74000CA790010C4790010C4790010E2790010B1
:10A75000E2790010BC790010B4790010D0790010B3
:10A76000D079001000040348000803482486001034
:10A77000B285001006850010BE840010068500100A
:10A78000EE85001006850010BE840010B285001012
:10A79000B2850010EE850010BE840010C484001045
:10A7A000C4840010C4840010FC850010B285001021
:10A7B000B285001006850010BA84001006850010CE
:10A7C000EE85001006850010BA840010B2850010D6
:10A7D000B2850010EE850010BA840010C484001009
:0CA7E000C4840010C4840010F885001030
:10A7EC002C4887460000000000000000000000001C
:10A7FC00000000000000000000000000000000004D
:10A80C0025488746000000000000000023488746CA
:10A81C00234887462348874623488746234887464C
:10A82C00234887462348874623488746234887463C
:10A83C002348874600000000224887462248874666
:10A84C002248874622488746224887462248874620
:10A85C002248874622488746224887462248874610
:10A86C002248874622488746224887462248874600
:10A87C0022488746224887462248874622488746F0
:10A88C00224887462248874600000000000000004E
:10A89C0020488746A3100010A3100010A31000102E
:10A8AC007D710010A3100010A3100010A310001055
:10A8BC00A3100010A3100010A3100010A310001080
:10A8CC00A3100010A3100010A3100010A310001070
:10A8DC00A3100010A3100010A3100010A310001060
:10A8EC00A3100010A3100010A3100010A310001050
:10A8FC00A3100010A3100010A3100010A310001040
:10A90C00A3100010DD0A00208D070020490700204D
:08A91C00A3100010A3100010AD
:10A924000000000000000000000000000000000023
:10A934000000000008000000000400000000000007
:10A9440000000000010300000004010000000000FA
:10A9540000000000010100000004070000000000E6
:10A964000000000000FF00000000000003000400DD
:10A9740003000400000000000000000000040000C8
:10A9840000000000000000000103000000040100BA
:10A9940000000000000000000104000000040700A3
:10A9A400000000000000000000FF0000400206005C
:10A9B400000000000100000000FF00000000000093
:10A9C4000300040003000400000000000000000075
:10A9D400A000000021000000270000002600000065
:10A9E4000D00000000490000040000000600000003
:10A9F400001A000000000000000000000000000039
:10AA0400002300144300C201FA0002140A191200C0
:10AA1400F401F4010A231E645A00000033338B400E
:10AA240033338340333383406666764066666640DC
:10AA340066665640F6287C40D7A37040666666403A
:10AA4400F6285C40D7A35040666646409808190132
:10AA5400010101000100000000000301090A0000D7
:10AA6400FA0019010137B0415F0000010001000044
:10AA740032001E0100323232323232020302030249
:10AA8400030032006400A0000401325078A0506436
:10AA940082A03C648CB41E23282D3C003C0F12156C
:10AAA40018000A96060000FF010100141424220075
:10AAB40000000000010123000104043C0013020013
:10AAC40000000000BB00A000AE1000004000000029
:10AAD40000E1F5058FC10101024949C2C296011482
:10AAE400FEA528280008000800088000FFFFFFFFDB
:10AAF4000100000000180042006B009800C300EB46
:10AB0400002A0029002D002B0028002D0000100031
:10AB1400000010000000100040FF580149C200006E
:10AB240010B50C4B196F0C4B5A6A90080123034063
:10AB340050084000022420400343920004200240B5
:10AB440013431B0489B20B43044A1360044B0122D0
:10AB54001A7010BD00020448000104407817002058
:10AB640077170020F0B5DE4657464E464546E0B519
:10AB740083B0A34B1B6F9BB20193A24A13680133AA
:10AB84001360A14B5A6A1209012313409F4A127899
:10AB9400002A05D1002B03D09A4A11689C4A1160FF
:10ABA4009A4A137098494B6A5B0901221340496A17
:10ABB400490B0A4052001343964A127893420CD030
:10ABC40092001A430F210A409349895C8D4A106808
:10ABD400924A890088508F4A1370A023DB05122201
:10ABE400FF321A618E4BF032FF329C582405240D3B
:10ABF4008C498D582D052D0D04329E583605360D81
:10AC0400894B1B88E41AE400884B1B88ED1AED007D
:10AC1400874B1B88F61AF60063199B19854F5F430F
:10AC2400BF13E01B0090EB1B9A46F71B824B186086
:10AC3400824B50461860824B1F608A58D200814B69
:10AC44001A40814B1A60814B9846196880488B00E2
:10AC540099461B589B467F4B9C461B685C461B1BB6
:10AC6400644623604C4622509B18624613600131AF
:10AC74003F220A4041460A6020339B11FF225201C1
:10AC8400934200D913005B09DBB2734A1370009B33
:10AC9400DB105B439B465346DB105B4399461A002B
:10ACA400FB105B43984619006C4B9B4503D89A42B2
:10ACB40001D8994207D96A4B01221A7000F010FD9D
:10ACC400684B00221A7068490B685A46D31A1B1243
:10ACD4000A689B180B60654A13684846C31A1B121E
:10ACE40010681B181360624803684446E31A1B1279
:10ACF4000468A446634403600B6812689B180268E6
:10AD04009B185C4A1360504B1A68CB235B019A4230
:10AD140000D96BE0009B5C005744E31B454C5C434B
:10AD2400A413AE1B544D7543AD13544B1B781B0237
:10AD3400534A12889B189BB224B22DB21B0A1800E6
:10AD44004030FF2101404F4E5B00985F49008E5F09
:10AD5400310061438023DB019C466144C91389B2FD
:10AD640003006B436344DB139BB2C91809B22B0085
:10AD740073436344DB139BB260436044C01380B2EB
:10AD84001B1A1BB24048007800280AD03F4D2C689B
:10AD940064182C603E4D2C68E4182C603A4C013841
:10ADA40020703C4802603C4A11603C4A1360144BDA
:10ADB4001B6F9BB2019A9B1A9BB2394A12889A4222
:10ADC40001D9374A1380374A12889A4201D2354A48
:10ADD4001380354B1B6F1B041B0C344A136003B0E8
:10ADE400F0BCBB46B246A946A046F0BD304B01229A
:10ADF4001A7000F075FC1B4B00221A708AE7C046DB
:10AE0400000204488418002000000440EA170020CF
:10AE140088180020E7170020D0A60010541800203E
:10AE240000080348000403480C0700200E07002014
:10AE340010070020551500002017002024170020BB
:10AE440028170020F8FF0700E0170020041700204F
:10AE54000416002008170020E417002000442F00E7
:10AE64004D17002006070020D4170020D817002013
:10AE7400DC170020D0170020F32400001207002064
:10AE8400C8170020C0A2001040070020801700202F
:10AE940084170020181700204017002044170020B2
:10AEA400160700208A170020000400503C170020D9
:10AEB4004C170020F0B5DE4657464E464546E0B5F1
:10AEC40085B0D24B1C78D24B1E78F6B2D14B1F689A
:10AED400D14B1D6FABB20093D04B1B6F1B041B0CEB
:10AEE400CF4A1360CF4B1B78002B29D1002E00D101
:10AEF40024E1C74B00221A70BBB298463F023B0EB6
:10AF040099461C00C84B1B5DC84A1370C84A5900B7
:10AF1400895AC84A1180002B3ED0013BDBB2019311
:10AF2400C54A019B1370C54AC5480078165CC54ADA
:10AF34001278002A40D0A64231D0002000223DE001
:10AF4400B84A00231370BF4A1370BF4A1380BF4B23
:10AF540000221A70BE4B5B6A9A08012414405A08F6
:10AF6400520002210A4014439B00042213401C4354
:10AF7400AD4B1B5DAD4A1370AD4A5900895AAD4AB9
:10AF84001180002B06D0013BDBB2AB4A137000F0FA
:10AF94009FFBABE70523F8E705230193C0E7AD4A20
:10AFA400128843469A1A92B2002A00D10132AA4862
:10AFB4000088081A80B201E000200022D0277F0018
:10AFC400BA427AD39446A54F04237B63A44B3B62D5
:10AFD40063467B62A34FB9837B69BB61A64200D001
:10AFE4008EE02C23FD5C092D6BD99F4FBC4500D905
:10AFF40066E19C4F3B6802931F0CCB1B9B4680274A
:10B004003F02BB4202DB994B9A46D344984FBB455F
:10B0140003DA80235B029A46D344964FBB4500DC97
:10B024005FE1954F5F443F048E4B5F62FF081F62F0
:10B0340001279F778F4B9B465B465F01FF1ABF003A
:10B044005F44BB001D0032275B467B439A46854B19
:10B054009B461F6957441F61884B9F4200DC4FE1A8
:10B064005F463B617F4F3F69AA465744FB120393F7
:10B074007A4FBD6A03006B439A46814B9A4500D9C7
:10B084009A46784B5746DF607E4B9C4500D93EE19B
:10B09400039B1B1800D549E19C4667466F43784BD8
:10B0A4009F4200D91F006F4B9C469F60029F764BC6
:10B0B4009A46574463465F6022E0D0235B009C4677
:10B0C40081E7724B9A468A4453461B049A463B00D6
:10B0D400BC4657461F606C4B9B46DA446346574652
:10B0E4005F6000239A46634657469F601F616F1C4A
:10B0F4002C239B4663465D465F555546DD609D7730
:10B10400544F43463B804E4F4B463B70524F398021
:10B114004C4901270F7017005D490A604100091866
:10B124000801401AC100090C5A480160A64200D126
:10B1340003E1594B1B78012B00D1FAE0334B1C700F
:10B14400484A53690133536192699A1A53498A42AE
:10B1540000D929E1434B99689B7F012B00D139E148
:10B16400022B00D144E13F4B5A681B68D01A884235
:10B1740000D84BE15B18991A002900DC48E1394BEF
:10B184001A60384B5A88464B1A80454B1B88454AEF
:10B1940012781202D21892B2434B1B889B189BB2AE
:10B1A4001B0A294A118880311A00553AD2B23F4805
:10B1B4005200125E09124A431212D224A400A44679
:10B1C40062443B4CE2635A00125E4A4312126244E8
:10B1D400384CE2635533DAB25200135E4B431B1210
:10B1E4006344354AD3630D4B1B6F1B041B0C334A5A
:10B1F4001360294B1B78052B00D10CE105B0F0BC82
:10B20400BB46B246A946A046F0BDC046E51700209D
:10B21400771700207817002000020448000400502B
:10B224003817002018070020C8A40010E6170020D3
:10B234001C070020CA170020E9170020C0A4001032
:10B24400E8170020EB1700204E1800209818002063
:10B2540000010440CE170020CC170020000003405A
:10B26400AFA134008C1700208D2000000000FFFFE8
:10B274000080FFFF380E0000C8F1FFFF00E02E0041
:10B2840000801A06881300000000C731551500001D
:10B29400481700201C17002076170020B603000072
:10B2A4004E1700207C17002050180020D0A4001056
:10B2B4000001005000020050000300503417002029
:10B2C4005F4BCF183B049C465E4F3B605E4B9A46F7
:10B2D400D44463467B600023BB603B61FB60BB7767
:10B2E4000EE75A4FBB4507DA5B46FF1A3F04554B3E
:10B2F4009F6202279F779FE6524F0023BB779BE60E
:10B30400534B9F4200DBADE64E4F3B61AAE60F0470
:10B314004C4B9C461F604C4B9B465F4463465F60AE
:10B3240055469D6000271F619F77E9E600239C46F0
:10B33400B3E6484B00221A7000E746490978002911
:10B3440018D14548824215D8424B01221A70434B0A
:10B354009622D2001A80009D08E0414B880000220A
:10B36400C250404B4800C2520131C9B20529F4D938
:10B374000095E3E6012900D0E0E63949019B9800F5
:10B384004258D2194250374A5B00995A01319952B6
:10B39400324A1388013B9BB21380002B00D0CDE6C8
:10B3A4002C4B02221A70C9E6264A918B2448844603
:10B3B40061440904116024488446614451600021B9
:10B3C400916011612C201154936191775162116243
:10B3D4009162DAE61B4B1A6A89185B6A9A4203D2B5
:10B3E40018489B1A4362BEE6164B00229A77BAE6C7
:10B3F400144B9B6A994204D2124A5B1A936200214D
:10B40400B1E6104B00229A770021ACE61300B2E6B5
:10B414000C4A1360B5E6144B1B6F9BB2009A9B1A3F
:10B424009BB2124A12889A4201D9104A1380104AD8
:10B4340012889A4200D3E1E60D4A1380DEE6C04644
:10B44400551500008C1700200000C731C8F1FFFF1C
:10B454000020D1FF76170020871300007417002006
:10B464005C17002050170020000204481407002035
:10B47400881700202B4A53690133536192699A1A41
:10B4840029498A420ED8274B99689B7F012B1FD0EC
:10B49400022B2BD0234B5A681B68D01A814233D21B
:10B4A4005B1832E01F4A918B2048844661440904AA
:10B4B40011601F488446614451600021916011610C
:10B4C4002C2011549361917751621162916225E0AD
:10B4D400144B1A6A89185B6A9A4203D211489B1A60
:10B4E4004362D7E70F4B00229A77D3E70D4B9B6A51
:10B4F4008B4204D90B4A5B1A93620021CAE7094BB9
:10B5040000229A770021C5E71300991A002906DD65
:10B51400044B1A60034B5A88064B1A807047014A41
:10B524001360F7E78C170020B603000055150000E0
:10B534000000C7314E170020F0B5D0246400A042AB
:10B5440000D22000534C04256563534D256260628C
:10B55400524CA1836569A561002B68D023002C247B
:10B564001B5D092B51D94E4B984261D84B4B1E6839
:10B57400330CCB1A80242402A34202DB494CA44698
:10B584006344494CA34203DA80246402A44663441E
:10B59400464CA3425CDD464CA44663441B043F4C2A
:10B5A4006362DB0823620123A377404B5C01E41A46
:10B5B400A400E418A70032256B43384C25695B19B5
:10B5C40023613C4CA34251DD344B1C61334B1C6959
:10B5D400E419E4122F4B9B6A1D005543364FBD42BC
:10B5E40000D93D002D4FFD60344FB84244D81219A4
:10B5F4004ED45343304A934200D91300274A9360F0
:10B604002F4B9C466644566011E02E4A9446614492
:10B614000904224A11602A48844661445160002189
:10B624009160116101332C201354D1609177F0BDE6
:10B63400244B9C4661440904184B1960204A9446E3
:10B644006144596000229A601A61DA609A77EEE7E1
:10B65400174CA34206DAE41A2404104DAC62022407
:10B66400AC77A3E70D4C0025A5779FE7164CA342C2
:10B67400ACDA0A4B1C61A9E70904084B1960104AAB
:10B684009446614459609D6000221A619A77CEE71E
:10B694000022AEE700000340AFA134008C17002065
:10B6A4008D2000000000FFFF0080FFFF380E000027
:10B6B400C8F1FFFF00E02E0000801A068813000086
:10B6C4000000C731551500000020D1FF0000000024
:10B6D40001B40248844601BC604700BFF56A00100B
:10B6E40001B40248844601BC604700BFAD6A001043
:0400000510001019BE
:00000001FF
